FY 2020,,AVNT US Equity,ABB US Equity,ACHC US Equity,AMD US Equity,ASIX US Equity,ACM US Equity,ALK US Equity,ADS US Equity,MO US Equity,ABEV US Equity,AAT US Equity,AXL US Equity,AMT US Equity,AU US Equity,ADM US Equity,AMBP US Equity,T US Equity,ADP US Equity,BHC US Equity,BBY US Equity,BURL US Equity,CMD US Equity,COF US Equity,CAT US Equity,SNP US Equity,CHD US Equity,CIT US Equity,CLF US Equity,CL US Equity,CMC US Equity,COP US Equity,CSTM US Equity,CUB US Equity,DCI US Equity,DTE US Equity,ETRN US Equity,ESNT US Equity,ESS US Equity,FR US Equity,FLWS US Equity,GPS US Equity,GIL US Equity,GKOS US Equity,HSC US Equity,HIG US Equity,HAS US Equity,HBI US Equity,PEAK US Equity,HLF US Equity,HI US Equity,HUN US Equity,INGR US Equity,IBM US Equity,IFF US Equity,IGT US Equity,JHG US Equity,KSU US Equity,7986Z US Equity,KRC US Equity,LOW US Equity,MAC US Equity,MAR US Equity,MRK US Equity,MCO US Equity,MUR US Equity,NJR US Equity,NWL US Equity,NEE US Equity,NWBO US Equity,OCLB US Equity,OEC US Equity,OUT US Equity,PK US Equity,PH US Equity,BTU US Equity,PEP US Equity,GLT US Equity,PSX US Equity,PBI US Equity,PEG US Equity,PSA US Equity,QTS US Equity,RTX US Equity,SPPJY US Equity,SIG US Equity,STM US Equity,SYT US Equity,SYY US Equity,TRGP US Equity,TGT US Equity,HSY US Equity,HD US Equity,SJM US Equity,THS US Equity,UNP US Equity,VIPS US Equity,SHW US Equity,WDAY US Equity,WH US Equity,ZBH US Equity
,,Avient,abb-ltd,acadia-realty-trust,advance-auto-parts-inc,advansix,aecom-technology-corporation,alaska-air-group-inc,alliance-data-systems-corporation,altria-group-inc,ambev-sa,american-assets-trust,american-axle-manufacturing-holdings-inc,american-tower-corporation,anglogold-ashanti-limited,archer-daniels-midland-company,ardagh-group-sa,att-inc,automatic-data-processing-inc,bausch-health-companies-inc,best-buy,burlington-stores-inc,cantel-medical-corp,capital-one-financial-corporation,caterpillar-inc,china-petroleum-chemical-corporation,church-dwight-co-inc,cit-group-inc,cliffs-natural-resources-inc,colgate-palmolive-co,commercial-metals-co,conocophillips,constellium-se,cubic-corp,donaldson-company-inc,dte-energy-co,equitrans-midstream-corporation,essent-group-ltd,essex-property-trust,first-industrial-realty-trust-inc,flowers-foods-inc,gap-inc,gildan-activewear-inc,glaukos-corporation,harsco-corporation,hartford-financial-services-group-inc,hasbro-inc,hb-fuller-co,healthpeak-properties,herbalife-ltd,hillenbrand-inc,huntsman-corp,ingredion-incorporated,international-business-machines-corp,international-flavors-fragrances-inc,international-game-technology,janus-henderson-group-plc,kansas-city-southern,keybank,kilroy-realty-corporation,lowes-companies-inc,macerich-company,marriott-vacaions-worldwide,merck-co-inc,moodys-corp,murphy-oil-corporation,new-jersey-resources-corp,newell-brands-inc,nextera-energy-inc,northwest-natural-gas-company,office-depot-inc,orion-engineered-carbons,outfront-media,park-hotels-resorts-inc,parker-hannifin-corporation,peabody-energy-corp,pepsico-inc,ph-glatfelter-co,phillips,pitney-bowes-inc,public-service-enterprise-group-inc,public-storage,qts-realty-trust-inc,raytheon-co,sappi-ltd,signet-jewelers-limited,stmicroelectronics,syngenta-ag,sysco-corp,targa-resources-partners-lp,target-corp,the-hershey-company,the-home-depot-inc,the-j-m-smucker-company,treehouse-foods-inc,union-pacific-corporation,vipshop-hldings-limited,williams-companies-inc,workday,wyndham-hotels-resorts-inc,zimmer-holdings-inc
Environmental Disclosure Score,ENVIRON_DISCLOSURE_SCORE,57.36,58.14,6.20,46.51,19.38,20.16,45.74,24.81,—,41.86,17.05,31.01,41.86,47.29,41.09,—,62.60,15.50,11.63,46.88,39.53,2.33,—,41.86,42.98,61.24,19.64,53.49,—,64.34,—,—,9.30,13.95,—,42.64,10.71,39.53,—,8.53,42.71,55.04,13.95,32.56,41.07,—,—,—,35.66,6.98,55.81,—,60.47,—,47.29,23.21,49.61,—,36.43,43.75,51.94,45.74,60.47,41.09,49.59,13.79,20.16,38.62,—,—,—,—,—,22.48,22.48,48.84,—,41.09,33.33,—,12.40,—,39.53,—,30.23,56.59,—,—,38.76,58.33,62.02,39.58,36.43,—,46.51,—,51.94,33.33,—,12.40
Disclosure,,#N/A Mandatory parameter [FIELDS] cannot be empty,#N/A Mandatory parameter [FIELDS] cannot be empty,#N/A Mandatory parameter [FIELDS] cannot be empty,#N/A Mandatory parameter [FIELDS] cannot be empty,#N/A Mandatory parameter [FIELDS] cannot be empty,#N/A Mandatory parameter [FIELDS] cannot be empty,#N/A Mandatory parameter [FIELDS] cannot be empty,#N/A Mandatory parameter [FIELDS] cannot be empty,#N/A Mandatory parameter [FIELDS] cannot be empty,#N/A Mandatory parameter [FIELDS] cannot be empty,#N/A Mandatory parameter [FIELDS] cannot be empty,#N/A Mandatory parameter [FIELDS] cannot be empty,#N/A Mandatory parameter [FIELDS] cannot be empty,#N/A Mandatory parameter [FIELDS] cannot be empty,#N/A Mandatory parameter [FIELDS] cannot be empty,#N/A Mandatory parameter [FIELDS] cannot be empty,#N/A Mandatory parameter [FIELDS] cannot be empty,#N/A Mandatory parameter [FIELDS] cannot be empty,#N/A Mandatory parameter [FIELDS] cannot be empty,#N/A Mandatory parameter [FIELDS] cannot be empty,#N/A Mandatory parameter [FIELDS] cannot be empty,#N/A Mandatory parameter [FIELDS] cannot be empty,#N/A Mandatory parameter [FIELDS] cannot be empty,#N/A Mandatory parameter [FIELDS] cannot be empty,#N/A Mandatory parameter [FIELDS] cannot be empty,#N/A Mandatory parameter [FIELDS] cannot be empty,#N/A Mandatory parameter [FIELDS] cannot be empty,#N/A Mandatory parameter [FIELDS] cannot be empty,#N/A Mandatory parameter [FIELDS] cannot be empty,#N/A Mandatory parameter [FIELDS] cannot be empty,#N/A Mandatory parameter [FIELDS] cannot be empty,#N/A Mandatory parameter [FIELDS] cannot be empty,#N/A Mandatory parameter [FIELDS] cannot be empty,#N/A Mandatory parameter [FIELDS] cannot be empty,#N/A Mandatory parameter [FIELDS] cannot be empty,#N/A Mandatory parameter [FIELDS] cannot be empty,#N/A Mandatory parameter [FIELDS] cannot be empty,#N/A Mandatory parameter [FIELDS] cannot be empty,#N/A Mandatory parameter [FIELDS] cannot be empty,#N/A Mandatory parameter [FIELDS] cannot be empty,#N/A Mandatory parameter [FIELDS] cannot be empty,#N/A Mandatory parameter [FIELDS] cannot be empty,#N/A Mandatory parameter [FIELDS] cannot be empty,#N/A Mandatory parameter [FIELDS] cannot be empty,#N/A Mandatory parameter [FIELDS] cannot be empty,#N/A Mandatory parameter [FIELDS] cannot be empty,#N/A Mandatory parameter [FIELDS] cannot be empty,#N/A Mandatory parameter [FIELDS] cannot be empty,#N/A Mandatory parameter [FIELDS] cannot be empty,#N/A Mandatory parameter [FIELDS] cannot be empty,#N/A Mandatory parameter [FIELDS] cannot be empty,#N/A Mandatory parameter [FIELDS] cannot be empty,#N/A Mandatory parameter [FIELDS] cannot be empty,#N/A Mandatory parameter [FIELDS] cannot be empty,#N/A Mandatory parameter [FIELDS] cannot be empty,#N/A Mandatory parameter [FIELDS] cannot be empty,#N/A Mandatory parameter [FIELDS] cannot be empty,#N/A Mandatory parameter [FIELDS] cannot be empty,#N/A Mandatory parameter [FIELDS] cannot be empty,#N/A Mandatory parameter [FIELDS] cannot be empty,#N/A Mandatory parameter [FIELDS] cannot be empty,#N/A Mandatory parameter [FIELDS] cannot be empty,#N/A Mandatory parameter [FIELDS] cannot be empty,#N/A Mandatory parameter [FIELDS] cannot be empty,#N/A Mandatory parameter [FIELDS] cannot be empty,#N/A Mandatory parameter [FIELDS] cannot be empty,#N/A Mandatory parameter [FIELDS] cannot be empty,#N/A Mandatory parameter [FIELDS] cannot be empty,#N/A Mandatory parameter [FIELDS] cannot be empty,#N/A Mandatory parameter [FIELDS] cannot be empty,#N/A Mandatory parameter [FIELDS] cannot be empty,#N/A Mandatory parameter [FIELDS] cannot be empty,#N/A Mandatory parameter [FIELDS] cannot be empty,#N/A Mandatory parameter [FIELDS] cannot be empty,#N/A Mandatory parameter [FIELDS] cannot be empty,#N/A Mandatory parameter [FIELDS] cannot be empty,#N/A Mandatory parameter [FIELDS] cannot be empty,#N/A Mandatory parameter [FIELDS] cannot be empty,#N/A Mandatory parameter [FIELDS] cannot be empty,#N/A Mandatory parameter [FIELDS] cannot be empty,#N/A Mandatory parameter [FIELDS] cannot be empty,#N/A Mandatory parameter [FIELDS] cannot be empty,#N/A Mandatory parameter [FIELDS] cannot be empty,#N/A Mandatory parameter [FIELDS] cannot be empty,#N/A Mandatory parameter [FIELDS] cannot be empty,#N/A Mandatory parameter [FIELDS] cannot be empty,#N/A Mandatory parameter [FIELDS] cannot be empty,#N/A Mandatory parameter [FIELDS] cannot be empty,#N/A Mandatory parameter [FIELDS] cannot be empty,#N/A Mandatory parameter [FIELDS] cannot be empty,#N/A Mandatory parameter [FIELDS] cannot be empty,#N/A Mandatory parameter [FIELDS] cannot be empty,#N/A Mandatory parameter [FIELDS] cannot be empty,#N/A Mandatory parameter [FIELDS] cannot be empty,#N/A Mandatory parameter [FIELDS] cannot be empty,#N/A Mandatory parameter [FIELDS] cannot be empty,#N/A Mandatory parameter [FIELDS] cannot be empty,#N/A Mandatory parameter [FIELDS] cannot be empty,#N/A Mandatory parameter [FIELDS] cannot be empty,#N/A Mandatory parameter [FIELDS] cannot be empty
Scope of Disclosure,SCOPE_OF_DISCLOSURE,—,—,—,1.00,—,—,1.00,—,—,—,—,—,1.00,1.00,1.00,—,1.00,—,—,—,—,—,—,1.00,—,—,—,—,—,—,1.00,—,—,—,—,1.00,—,1.00,—,—,1.00,1.00,—,—,1.00,—,—,1.00,—,—,1.00,—,1.00,1.00,—,—,—,—,—,—,1.00,1.00,1.00,1.00,1.00,—,—,—,—,—,—,—,—,3.00,—,1.00,—,1.00,—,—,1.00,—,1.00,—,—,—,—,—,—,1.00,—,—,2.00,—,—,—,—,—,—,—
Reporting Basis Consistent?,CONSISTENT_REPORTING_BASIS,—,—,—,1.00,—,—,1.00,—,—,—,—,—,1.00,0.00,1.00,—,1.00,—,—,—,—,—,—,1.00,—,—,—,—,—,—,1.00,—,—,—,—,1.00,—,1.00,—,—,1.00,1.00,—,—,1.00,—,—,1.00,—,—,1.00,—,1.00,1.00,—,—,—,—,—,—,—,1.00,1.00,1.00,—,—,—,—,—,—,—,—,—,1.00,—,1.00,—,1.00,—,—,—,—,1.00,—,—,—,—,—,—,1.00,—,—,—,—,—,—,—,—,—,—
GRI Criteria Compliance,GRI_COMPLIANCE,1.00,1.00,0.00,1.00,1.00,0.00,0.00,1.00,—,1.00,0.00,1.00,1.00,1.00,1.00,—,1.00,1.00,0.00,1.00,1.00,0.00,—,0.00,1.00,1.00,1.00,1.00,1.00,1.00,1.00,1.00,0.00,0.00,—,1.00,0.00,1.00,—,0.00,1.00,1.00,1.00,1.00,1.00,—,0.00,1.00,0.00,1.00,1.00,0.00,1.00,1.00,1.00,0.00,1.00,—,1.00,1.00,1.00,1.00,1.00,1.00,1.00,1.00,1.00,1.00,0.00,—,—,—,—,0.00,0.00,1.00,—,0.00,1.00,1.00,0.00,—,0.00,1.00,0.00,1.00,—,1.00,1.00,1.00,1.00,1.00,0.00,—,1.00,—,1.00,1.00,1.00,0.00
Global Reporting Initiatives Checked,GRI_CHECKED,1.00,0.00,0.00,0.00,0.00,0.00,0.00,0.00,—,0.00,0.00,0.00,1.00,0.00,0.00,—,0.00,0.00,0.00,0.00,0.00,0.00,—,0.00,0.00,0.00,0.00,0.00,0.00,0.00,0.00,0.00,0.00,0.00,—,0.00,0.00,0.00,—,0.00,0.00,0.00,0.00,0.00,0.00,—,0.00,0.00,0.00,0.00,0.00,0.00,0.00,1.00,0.00,0.00,0.00,—,0.00,1.00,0.00,0.00,0.00,0.00,0.00,0.00,0.00,0.00,0.00,—,—,—,—,0.00,0.00,0.00,—,0.00,0.00,—,0.00,—,0.00,—,0.00,1.00,—,0.00,0.00,0.00,0.00,1.00,0.00,—,0.00,—,0.00,0.00,—,0.00
Verification Type,VERIFICATION_TYPE,0.00,1.00,0.00,1.00,0.00,0.00,0.00,0.00,—,1.00,0.00,1.00,0.00,1.00,1.00,—,1.00,0.00,0.00,1.00,0.00,0.00,—,1.00,0.00,0.00,0.00,0.00,—,0.00,1.00,1.00,0.00,0.00,—,0.00,0.00,0.00,—,0.00,0.00,1.00,0.00,0.00,1.00,—,0.00,1.00,0.00,0.00,0.00,0.00,1.00,1.00,1.00,0.00,1.00,—,1.00,1.00,1.00,1.00,1.00,1.00,1.00,0.00,0.00,0.00,0.00,—,—,—,—,0.00,0.00,1.00,—,0.00,0.00,0.00,0.00,—,0.00,1.00,0.00,1.00,—,0.00,0.00,1.00,0.00,0.00,1.00,—,0.00,—,0.00,0.00,1.00,0.00
Emissions,,#N/A Mandatory parameter [FIELDS] cannot be empty,#N/A Mandatory parameter [FIELDS] cannot be empty,#N/A Mandatory parameter [FIELDS] cannot be empty,#N/A Mandatory parameter [FIELDS] cannot be empty,#N/A Mandatory parameter [FIELDS] cannot be empty,#N/A Mandatory parameter [FIELDS] cannot be empty,#N/A Mandatory parameter [FIELDS] cannot be empty,#N/A Mandatory parameter [FIELDS] cannot be empty,#N/A Mandatory parameter [FIELDS] cannot be empty,#N/A Mandatory parameter [FIELDS] cannot be empty,#N/A Mandatory parameter [FIELDS] cannot be empty,#N/A Mandatory parameter [FIELDS] cannot be empty,#N/A Mandatory parameter [FIELDS] cannot be empty,#N/A Mandatory parameter [FIELDS] cannot be empty,#N/A Mandatory parameter [FIELDS] cannot be empty,#N/A Mandatory parameter [FIELDS] cannot be empty,#N/A Mandatory parameter [FIELDS] cannot be empty,#N/A Mandatory parameter [FIELDS] cannot be empty,#N/A Mandatory parameter [FIELDS] cannot be empty,#N/A Mandatory parameter [FIELDS] cannot be empty,#N/A Mandatory parameter [FIELDS] cannot be empty,#N/A Mandatory parameter [FIELDS] cannot be empty,#N/A Mandatory parameter [FIELDS] cannot be empty,#N/A Mandatory parameter [FIELDS] cannot be empty,#N/A Mandatory parameter [FIELDS] cannot be empty,#N/A Mandatory parameter [FIELDS] cannot be empty,#N/A Mandatory parameter [FIELDS] cannot be empty,#N/A Mandatory parameter [FIELDS] cannot be empty,#N/A Mandatory parameter [FIELDS] cannot be empty,#N/A Mandatory parameter [FIELDS] cannot be empty,#N/A Mandatory parameter [FIELDS] cannot be empty,#N/A Mandatory parameter [FIELDS] cannot be empty,#N/A Mandatory parameter [FIELDS] cannot be empty,#N/A Mandatory parameter [FIELDS] cannot be empty,#N/A Mandatory parameter [FIELDS] cannot be empty,#N/A Mandatory parameter [FIELDS] cannot be empty,#N/A Mandatory parameter [FIELDS] cannot be empty,#N/A Mandatory parameter [FIELDS] cannot be empty,#N/A Mandatory parameter [FIELDS] cannot be empty,#N/A Mandatory parameter [FIELDS] cannot be empty,#N/A Mandatory parameter [FIELDS] cannot be empty,#N/A Mandatory parameter [FIELDS] cannot be empty,#N/A Mandatory parameter [FIELDS] cannot be empty,#N/A Mandatory parameter [FIELDS] cannot be empty,#N/A Mandatory parameter [FIELDS] cannot be empty,#N/A Mandatory parameter [FIELDS] cannot be empty,#N/A Mandatory parameter [FIELDS] cannot be empty,#N/A Mandatory parameter [FIELDS] cannot be empty,#N/A Mandatory parameter [FIELDS] cannot be empty,#N/A Mandatory parameter [FIELDS] cannot be empty,#N/A Mandatory parameter [FIELDS] cannot be empty,#N/A Mandatory parameter [FIELDS] cannot be empty,#N/A Mandatory parameter [FIELDS] cannot be empty,#N/A Mandatory parameter [FIELDS] cannot be empty,#N/A Mandatory parameter [FIELDS] cannot be empty,#N/A Mandatory parameter [FIELDS] cannot be empty,#N/A Mandatory parameter [FIELDS] cannot be empty,#N/A Mandatory parameter [FIELDS] cannot be empty,#N/A Mandatory parameter [FIELDS] cannot be empty,#N/A Mandatory parameter [FIELDS] cannot be empty,#N/A Mandatory parameter [FIELDS] cannot be empty,#N/A Mandatory parameter [FIELDS] cannot be empty,#N/A Mandatory parameter [FIELDS] cannot be empty,#N/A Mandatory parameter [FIELDS] cannot be empty,#N/A Mandatory parameter [FIELDS] cannot be empty,#N/A Mandatory parameter [FIELDS] cannot be empty,#N/A Mandatory parameter [FIELDS] cannot be empty,#N/A Mandatory parameter [FIELDS] cannot be empty,#N/A Mandatory parameter [FIELDS] cannot be empty,#N/A Mandatory parameter [FIELDS] cannot be empty,#N/A Mandatory parameter [FIELDS] cannot be empty,#N/A Mandatory parameter [FIELDS] cannot be empty,#N/A Mandatory parameter [FIELDS] cannot be empty,#N/A Mandatory parameter [FIELDS] cannot be empty,#N/A Mandatory parameter [FIELDS] cannot be empty,#N/A Mandatory parameter [FIELDS] cannot be empty,#N/A Mandatory parameter [FIELDS] cannot be empty,#N/A Mandatory parameter [FIELDS] cannot be empty,#N/A Mandatory parameter [FIELDS] cannot be empty,#N/A Mandatory parameter [FIELDS] cannot be empty,#N/A Mandatory parameter [FIELDS] cannot be empty,#N/A Mandatory parameter [FIELDS] cannot be empty,#N/A Mandatory parameter [FIELDS] cannot be empty,#N/A Mandatory parameter [FIELDS] cannot be empty,#N/A Mandatory parameter [FIELDS] cannot be empty,#N/A Mandatory parameter [FIELDS] cannot be empty,#N/A Mandatory parameter [FIELDS] cannot be empty,#N/A Mandatory parameter [FIELDS] cannot be empty,#N/A Mandatory parameter [FIELDS] cannot be empty,#N/A Mandatory parameter [FIELDS] cannot be empty,#N/A Mandatory parameter [FIELDS] cannot be empty,#N/A Mandatory parameter [FIELDS] cannot be empty,#N/A Mandatory parameter [FIELDS] cannot be empty,#N/A Mandatory parameter [FIELDS] cannot be empty,#N/A Mandatory parameter [FIELDS] cannot be empty,#N/A Mandatory parameter [FIELDS] cannot be empty,#N/A Mandatory parameter [FIELDS] cannot be empty,#N/A Mandatory parameter [FIELDS] cannot be empty,#N/A Mandatory parameter [FIELDS] cannot be empty,#N/A Mandatory parameter [FIELDS] cannot be empty
Total GHG Emissions,TOTAL_GHG_EMISSIONS,108.87,537.00,—,47.32,—,112.34,"4,154.00",13.69,—,507.60,—,455.23,627.71,"2,428.00","16,200.00",—,"6,680.01",—,—,—,192.72,—,—,"1,521.00","170,940.00",165.80,—,"32,200.00",—,"2,626.55","16,200.00","1,047.00",—,113.14,—,"1,886.26",—,47.71,—,—,362.52,—,—,292.77,25.19,—,173.77,288.72,25.70,—,"1,100.52","3,998.67",919.70,276.16,65.00,3.05,"1,230.00",—,26.12,"2,109.00",57.00,"5,125.48","1,130.80",7.83,"1,200.88",—,372.12,—,—,—,—,—,—,—,—,"5,272.32",—,"30,050.00",69.58,"10,376.80",—,—,"1,538.61","5,279.31",64.74,"1,050.00",—,—,"10,200.00","2,433.23",358.74,"1,946.00",439.46,—,"9,157.47",—,627.27,38.63,238.07,—
Total Market Based GHG Emissions,TOT_MKT_BASED_GHG_EMISSIONS,—,544.00,—,32.25,—,—,—,—,—,—,—,—,—,—,—,—,"5,788.26",—,—,456.42,—,—,—,"1,461.00",—,100.99,—,—,442.00,—,—,—,—,—,—,—,—,—,—,—,363.59,288.84,—,—,8.77,—,—,—,—,—,—,—,621.27,247.27,66.67,—,—,—,24.07,"2,109.00",28.13,"5,166.03",993.80,1.67,—,—,—,—,—,—,—,—,—,—,—,"4,410.10",—,—,—,—,—,—,"1,557.48",—,—,—,—,—,—,"2,298.45",290.84,—,418.67,—,—,—,—,2.59,236.33,—
GHG Scope 1,GHG_SCOPE_1,21.09,226.00,—,2.34,—,—,"4,143.57",1.36,—,354.57,—,79.29,596.97,"1,214.00","13,500.00",—,"1,044.75",—,—,253.88,24.79,—,—,694.00,"128,580.00",93.16,—,"27,500.00",191.00,"1,102.62","15,500.00",680.00,—,—,—,"1,868.55",—,31.32,—,—,27.32,79.92,—,242.01,8.60,—,69.69,69.86,7.54,—,349.69,—,90.91,162.29,28.28,0.05,"1,200.00",—,3.00,485.00,11.45,972.73,738.40,0.68,"1,166.91",—,—,"42,945.30",—,—,—,—,—,—,"5,800.00","3,552.71",—,"25,490.00",34.21,"9,624.55",—,—,536.57,"4,083.12",5.45,486.00,—,—,"7,700.00",752.55,147.22,553.00,206.24,—,"8,537.68",—,344.53,2.59,54.61,—
GHG Scope 2,GHG_SCOPE_2,87.78,311.00,—,44.99,—,—,10.43,12.33,—,153.04,—,375.94,30.74,"1,214.00","2,700.00",—,"5,635.26",—,—,—,167.93,—,—,827.00,"42,360.00",72.64,—,"4,700.00",—,"1,523.93",700.00,367.00,9.36,—,—,17.71,—,16.39,—,—,335.21,—,—,50.77,16.58,—,104.09,218.86,18.16,—,750.83,—,828.79,113.88,36.72,3.00,30.00,—,23.12,"1,624.00",45.54,"4,152.76",392.40,7.14,33.97,—,—,—,—,—,—,—,—,—,—,"1,719.61",—,"4,560.00",35.37,752.25,—,—,"1,002.04","1,196.19",59.29,564.00,—,—,"2,500.00","1,680.68",211.51,"1,393.00",233.22,—,619.79,—,282.74,36.04,183.45,—
GHG Scope 2 Market-Based,SCOPE_2_MKT_BASED_GHG_EMISSIONS,—,318.00,—,29.92,—,—,—,—,—,—,—,—,—,—,—,—,"4,743.51",—,—,202.54,—,—,—,767.00,—,7.83,—,—,251.00,—,—,—,—,—,—,—,—,—,—,—,336.27,208.93,—,—,0.17,—,—,—,—,—,—,—,530.37,84.99,38.40,—,—,—,21.07,"1,624.00",16.68,"4,193.31",255.40,0.98,—,—,—,—,—,—,—,—,—,—,—,857.40,—,—,—,—,—,—,"1,020.91",—,—,—,—,—,—,"1,545.90",143.62,—,212.44,—,—,—,—,0.00,181.71,—
GHG Scope 3,GHG_SCOPE_3,"1,440.58","5,054.07",—,"5,554.65",—,"5,734.29",—,31.55,—,"2,531.66",—,—,"3,581.97",—,"37,800.00",—,"4,513.31",—,—,"22,895.00",78.80,—,—,—,—,225.96,—,—,"41,966.00",—,"162,800.00","1,047.00",—,—,—,"213,437.00",—,—,—,—,"7,830.98",39.69,—,27.23,205.87,—,—,—,—,—,—,—,706.39,"2,145.33",34.29,2.00,—,—,31.26,—,127.55,"6,145.81","7,103.45",115.94,"20,610.00",—,—,—,—,—,—,—,—,—,—,"54,628.80",—,"313,000.00",7.29,—,—,—,"11,183.30","7,486.22",29.82,86.00,—,—,"27,100.00","52,049.00","5,762.40",—,—,—,8.14,—,5.22,78.24,1.51,—
Scope 3 Purchased Goods and Services Emissions,SCOPE_3_PURCH_GOODS_SRVCS,—,"4,751.00",—,"1,278.48",—,—,—,—,—,—,—,—,—,—,"13,230.00",—,"1,371.55",—,—,—,—,—,—,—,—,—,—,—,—,—,—,—,—,—,—,—,—,—,—,—,"4,984.38",—,—,—,191.30,—,—,—,—,—,—,—,275.88,"1,843.92",—,—,—,—,—,—,—,"1,746.92","5,403.70",101.60,—,—,—,—,—,—,—,—,—,—,—,"36,519.10",—,—,—,—,—,—,"10,865.50",—,—,—,—,—,—,"27,389.00","4,834.07",—,—,—,—,—,—,—,—,—
Scope 3 Capital Goods Emissions,SCOPE_3_CAPITAL_GOODS,—,—,—,0.00,—,—,—,—,—,—,—,—,—,—,—,—,183.38,—,—,—,—,—,—,—,—,—,—,—,—,—,—,—,—,—,—,—,—,—,—,—,—,—,—,—,0.00,—,—,—,—,—,—,—,—,48.62,—,—,—,—,—,—,—,—,470.20,9.80,—,—,—,—,—,—,—,—,—,—,—,989.11,—,—,—,—,—,—,1.26,0.00,—,—,—,—,—,743.00,—,—,—,—,—,—,—,—,—,—
Scp 3 Fl and Enrg Act not in Scp 1 or Scp 2 Emiss,SCOPE_3_FUEL_ENRG_RELATD_ACT,—,43.00,—,12.57,—,—,—,—,—,—,—,—,—,—,"1,890.00",—,—,—,—,—,—,—,—,—,—,—,—,—,—,—,—,—,—,—,—,—,—,—,—,—,83.14,—,—,—,—,—,—,—,—,—,—,—,—,45.84,—,—,—,—,31.26,—,—,884.58,203.25,0.18,—,—,—,—,—,—,—,—,—,—,—,"1,566.24",—,—,—,—,—,—,243.44,627.71,—,—,—,—,—,509.00,29.27,—,—,—,—,—,—,8.96,—,—
Scope 3 Upstream Transprttn and Distrbtn Emissions,SCOPE_3_UPSTREAM_TRANS_DIST,—,—,—,39.45,—,—,—,—,—,—,—,—,—,—,"1,890.00",—,131.93,—,—,—,68.20,—,—,—,—,—,—,—,—,—,"2,200.00",—,—,—,—,—,—,—,—,—,527.08,33.00,—,—,2.32,—,—,—,—,—,—,—,—,174.79,—,—,—,—,—,—,—,—,263.10,—,—,—,—,—,—,—,—,—,—,—,—,"1,773.02",—,—,—,—,—,—,—,"1,040.25",—,—,—,—,—,"1,655.00",428.85,—,—,—,—,—,—,—,—,—
Scope 3 Waste Generated in Operations Emissions,SCOPE_3_WASTE_GENRTD_IN_OP,—,17.00,—,0.05,—,—,—,—,—,—,—,—,—,—,756.00,—,65.65,—,—,—,5.76,—,—,—,—,—,—,—,—,—,—,—,—,—,—,—,—,—,—,—,20.86,3.68,—,—,0.05,—,—,—,—,—,—,—,—,29.78,—,2.00,—,—,—,—,6.59,56.97,22.00,0.06,—,—,—,—,—,—,—,—,—,—,—,48.95,—,—,—,—,—,—,18.06,81.80,—,—,—,—,—,271.00,7.10,—,—,—,—,—,—,—,—,—
Scope 3 Employee Commuting Emissions,SCOPE_3_EMPLOYEE_COMMUTING,—,187.00,—,2.79,—,—,—,—,—,—,—,—,—,—,—,—,—,—,—,—,—,—,—,—,—,—,—,—,—,—,—,—,—,—,—,—,—,—,—,—,20.40,2.94,—,—,10.42,—,—,—,—,—,—,—,41.58,—,—,—,—,—,—,—,0.66,—,127.60,2.20,—,—,—,—,—,—,—,—,—,—,—,150.64,—,—,—,—,—,—,—,12.45,—,—,—,—,—,585.00,40.49,—,—,—,—,—,—,13.85,—,—
Scope 3 Business Travel Emissions,TRAVEL_EMISSIONS,—,55.00,—,2.43,—,—,—,—,—,—,—,—,—,—,—,—,37.04,—,—,—,4.84,—,—,—,—,—,—,—,—,—,—,—,—,—,—,—,—,—,—,—,34.04,0.07,—,—,1.78,—,—,—,—,—,—,—,84.80,2.39,—,—,—,—,—,—,0.07,6.49,217.10,2.10,—,—,—,—,—,—,—,—,—,—,—,137.67,—,—,—,—,—,—,55.08,14.23,7.53,—,—,—,—,22.00,10.80,—,—,—,8.14,—,5.22,55.44,1.51,—
Scope 3 Dwnstrm Transprttn and Distrbtn Emissions,SCOPE_3_DWNSTRM_TRANS_DIST,—,—,—,—,—,—,—,—,—,—,—,—,—,—,—,—,—,—,—,—,—,—,—,—,—,—,—,—,—,—,"6,600.00",—,—,—,—,—,—,—,—,—,39.41,—,—,—,—,—,—,—,—,—,—,—,—,—,—,—,—,—,—,—,—,—,145.10,—,—,—,—,—,—,—,—,—,—,—,—,"10,240.70",—,—,—,—,—,—,—,—,—,—,—,—,—,"5,672.00",321.93,—,—,—,—,—,—,—,—,—
Scope 3 Use of Sold Products Emissions,SCOPE_3_USE_SOLD_PRODUCTS,—,—,—,"4,217.42",—,—,—,—,—,—,—,—,—,—,—,—,—,—,—,—,—,—,—,—,—,—,—,—,—,—,"142,300.00",—,—,—,—,"213,437.00",—,—,—,—,"2,095.89",—,—,—,—,—,—,—,—,—,—,—,291.37,—,—,—,—,—,—,—,—,—,205.50,—,"20,610.00",—,—,—,—,—,—,—,—,—,—,—,—,—,—,—,—,—,—,—,—,—,—,—,"27,100.00","12,897.00",—,—,—,—,—,—,—,—,—,—
Scope 3 EOL Treatment of Sold Products Emissions,SCOPE_3_EOL_TRTMNT_PRODS,—,—,—,1.48,—,—,—,—,—,—,—,—,—,—,—,—,—,—,—,—,—,—,—,—,—,—,—,—,—,—,—,—,—,—,—,—,—,—,—,—,0.37,—,—,—,—,—,—,—,—,—,—,—,—,—,—,—,—,—,—,—,—,—,45.90,—,—,—,—,—,—,—,—,—,—,—,—,"1,179.47",—,—,—,—,—,—,—,"2,883.35",—,—,—,—,—,"2,306.00",82.38,—,—,—,—,—,—,—,—,—
Carbon Offsets,CARBON_OFFSETS,—,—,—,—,—,—,—,—,—,—,—,—,—,—,—,—,—,—,—,—,—,—,—,—,—,—,8.61,—,—,—,—,—,—,—,—,—,—,—,—,—,—,—,—,—,—,—,—,—,—,—,—,—,—,—,—,—,—,—,—,—,—,—,—,—,—,—,—,—,—,—,—,—,—,—,—,—,—,—,—,—,—,—,—,—,—,—,—,—,—,—,—,—,—,—,—,—,—,67.04,—,—
Total CO2 Emissions,TOTAL_CO2_EMISSIONS,—,—,—,—,—,—,—,—,—,—,—,—,—,—,—,—,—,—,—,—,—,—,—,—,—,—,—,—,—,"1,054.27","14,500.00",—,—,—,—,"1,611.29",—,—,—,—,—,—,—,—,—,—,—,—,—,—,—,—,—,274.07,—,—,—,—,—,—,—,—,—,—,—,—,—,—,—,—,—,—,—,—,—,—,—,—,—,—,—,—,—,—,—,—,—,—,—,—,—,—,—,—,—,—,—,—,—,—
NOx Emissions,NOX_EMISSIONS,0.00,0.10,—,—,—,—,1.78,—,—,—,—,—,—,5.12,—,—,—,—,—,—,—,—,—,—,92.00,0.02,—,31.80,0.30,0.76,28.20,0.81,—,—,—,1.35,—,—,—,—,—,0.18,—,—,—,—,—,—,—,—,0.66,—,—,0.05,—,—,11.73,—,—,—,—,—,0.40,—,2.85,—,—,8.43,—,—,—,—,—,—,—,—,—,11.50,—,1.83,—,—,—,11.22,—,—,—,—,7.80,—,0.08,—,—,—,—,—,3.31,—,—,—
SOx Emissions,SULPHUR_OXIDE_EMISSIONS,0.00,0.01,—,—,—,—,0.21,—,—,—,—,—,—,0.13,—,—,—,—,—,—,—,—,—,—,—,0.00,—,17.87,—,0.50,2.70,—,—,—,—,0.01,—,—,—,—,—,—,—,—,—,—,—,—,—,—,0.12,—,—,0.00,—,—,0.01,—,—,—,—,—,0.02,—,0.55,—,—,1.18,—,—,—,—,—,—,—,—,—,7.50,—,—,—,—,—,13.42,—,—,—,—,2.63,—,0.00,—,—,—,—,—,0.20,—,—,—
VOC Emissions,VOC_EMISSIONS,0.04,0.67,—,—,—,—,—,—,—,—,—,0.00,—,—,—,—,—,—,—,—,—,—,—,—,—,0.03,—,2.05,—,—,60.80,0.85,—,—,—,0.81,—,—,—,—,—,—,—,—,—,—,—,—,—,—,0.08,—,—,0.01,—,—,0.46,—,—,—,—,—,0.38,—,2.24,—,—,—,—,—,—,—,—,—,—,—,—,14.30,—,—,—,—,—,—,—,0.15,—,—,5.99,—,0.08,—,—,—,—,—,1.50,—,—,—
CO Emissions,CARBON_MONOXIDE_EMISSIONS,—,—,—,—,—,—,—,—,—,—,—,—,—,—,—,—,—,—,—,—,—,—,—,—,—,0.02,—,121.29,—,—,—,—,—,—,—,0.35,—,—,—,—,—,—,—,—,—,—,—,—,—,—,—,—,—,—,—,—,3.33,—,—,—,—,—,—,—,—,—,—,—,—,—,—,—,—,—,—,—,—,—,—,—,—,—,—,—,—,—,—,—,5.17,—,0.06,—,—,—,—,—,—,—,—,—
ODS Emissions,ODS_EMISSIONS,—,—,—,—,—,—,—,—,—,—,—,—,—,—,—,—,—,—,—,—,—,—,—,—,—,—,—,—,—,—,—,—,—,—,—,—,—,—,—,—,—,6.53,—,—,—,—,—,—,—,—,—,—,—,—,—,—,0.00,—,—,—,—,—,0.00,—,—,—,—,—,—,—,—,—,—,—,—,—,—,—,—,—,—,—,—,—,—,—,—,—,—,—,—,—,—,—,—,—,—,—,—,—
Particulate Emissions,PARTICULATE_EMISSIONS,0.03,—,—,—,—,—,—,—,—,—,—,—,—,—,—,—,—,—,—,—,—,—,—,—,—,0.17,—,25.34,—,0.36,1.10,0.37,—,—,—,0.13,—,—,—,—,—,—,—,—,—,—,—,—,—,—,0.18,—,—,0.01,—,—,0.28,—,—,—,—,—,—,—,0.27,—,—,0.96,—,—,—,—,—,—,—,—,—,2.30,—,0.46,—,—,—,6.23,—,—,—,—,0.40,—,0.05,—,—,—,—,—,—,—,—,—
Energy,,#N/A Mandatory parameter [FIELDS] cannot be empty,#N/A Mandatory parameter [FIELDS] cannot be empty,#N/A Mandatory parameter [FIELDS] cannot be empty,#N/A Mandatory parameter [FIELDS] cannot be empty,#N/A Mandatory parameter [FIELDS] cannot be empty,#N/A Mandatory parameter [FIELDS] cannot be empty,#N/A Mandatory parameter [FIELDS] cannot be empty,#N/A Mandatory parameter [FIELDS] cannot be empty,#N/A Mandatory parameter [FIELDS] cannot be empty,#N/A Mandatory parameter [FIELDS] cannot be empty,#N/A Mandatory parameter [FIELDS] cannot be empty,#N/A Mandatory parameter [FIELDS] cannot be empty,#N/A Mandatory parameter [FIELDS] cannot be empty,#N/A Mandatory parameter [FIELDS] cannot be empty,#N/A Mandatory parameter [FIELDS] cannot be empty,#N/A Mandatory parameter [FIELDS] cannot be empty,#N/A Mandatory parameter [FIELDS] cannot be empty,#N/A Mandatory parameter [FIELDS] cannot be empty,#N/A Mandatory parameter [FIELDS] cannot be empty,#N/A Mandatory parameter [FIELDS] cannot be empty,#N/A Mandatory parameter [FIELDS] cannot be empty,#N/A Mandatory parameter [FIELDS] cannot be empty,#N/A Mandatory parameter [FIELDS] cannot be empty,#N/A Mandatory parameter [FIELDS] cannot be empty,#N/A Mandatory parameter [FIELDS] cannot be empty,#N/A Mandatory parameter [FIELDS] cannot be empty,#N/A Mandatory parameter [FIELDS] cannot be empty,#N/A Mandatory parameter [FIELDS] cannot be empty,#N/A Mandatory parameter [FIELDS] cannot be empty,#N/A Mandatory parameter [FIELDS] cannot be empty,#N/A Mandatory parameter [FIELDS] cannot be empty,#N/A Mandatory parameter [FIELDS] cannot be empty,#N/A Mandatory parameter [FIELDS] cannot be empty,#N/A Mandatory parameter [FIELDS] cannot be empty,#N/A Mandatory parameter [FIELDS] cannot be empty,#N/A Mandatory parameter [FIELDS] cannot be empty,#N/A Mandatory parameter [FIELDS] cannot be empty,#N/A Mandatory parameter [FIELDS] cannot be empty,#N/A Mandatory parameter [FIELDS] cannot be empty,#N/A Mandatory parameter [FIELDS] cannot be empty,#N/A Mandatory parameter [FIELDS] cannot be empty,#N/A Mandatory parameter [FIELDS] cannot be empty,#N/A Mandatory parameter [FIELDS] cannot be empty,#N/A Mandatory parameter [FIELDS] cannot be empty,#N/A Mandatory parameter [FIELDS] cannot be empty,#N/A Mandatory parameter [FIELDS] cannot be empty,#N/A Mandatory parameter [FIELDS] cannot be empty,#N/A Mandatory parameter [FIELDS] cannot be empty,#N/A Mandatory parameter [FIELDS] cannot be empty,#N/A Mandatory parameter [FIELDS] cannot be empty,#N/A Mandatory parameter [FIELDS] cannot be empty,#N/A Mandatory parameter [FIELDS] cannot be empty,#N/A Mandatory parameter [FIELDS] cannot be empty,#N/A Mandatory parameter [FIELDS] cannot be empty,#N/A Mandatory parameter [FIELDS] cannot be empty,#N/A Mandatory parameter [FIELDS] cannot be empty,#N/A Mandatory parameter [FIELDS] cannot be empty,#N/A Mandatory parameter [FIELDS] cannot be empty,#N/A Mandatory parameter [FIELDS] cannot be empty,#N/A Mandatory parameter [FIELDS] cannot be empty,#N/A Mandatory parameter [FIELDS] cannot be empty,#N/A Mandatory parameter [FIELDS] cannot be empty,#N/A Mandatory parameter [FIELDS] cannot be empty,#N/A Mandatory parameter [FIELDS] cannot be empty,#N/A Mandatory parameter [FIELDS] cannot be empty,#N/A Mandatory parameter [FIELDS] cannot be empty,#N/A Mandatory parameter [FIELDS] cannot be empty,#N/A Mandatory parameter [FIELDS] cannot be empty,#N/A Mandatory parameter [FIELDS] cannot be empty,#N/A Mandatory parameter [FIELDS] cannot be empty,#N/A Mandatory parameter [FIELDS] cannot be empty,#N/A Mandatory parameter [FIELDS] cannot be empty,#N/A Mandatory parameter [FIELDS] cannot be empty,#N/A Mandatory parameter [FIELDS] cannot be empty,#N/A Mandatory parameter [FIELDS] cannot be empty,#N/A Mandatory parameter [FIELDS] cannot be empty,#N/A Mandatory parameter [FIELDS] cannot be empty,#N/A Mandatory parameter [FIELDS] cannot be empty,#N/A Mandatory parameter [FIELDS] cannot be empty,#N/A Mandatory parameter [FIELDS] cannot be empty,#N/A Mandatory parameter [FIELDS] cannot be empty,#N/A Mandatory parameter [FIELDS] cannot be empty,#N/A Mandatory parameter [FIELDS] cannot be empty,#N/A Mandatory parameter [FIELDS] cannot be empty,#N/A Mandatory parameter [FIELDS] cannot be empty,#N/A Mandatory parameter [FIELDS] cannot be empty,#N/A Mandatory parameter [FIELDS] cannot be empty,#N/A Mandatory parameter [FIELDS] cannot be empty,#N/A Mandatory parameter [FIELDS] cannot be empty,#N/A Mandatory parameter [FIELDS] cannot be empty,#N/A Mandatory parameter [FIELDS] cannot be empty,#N/A Mandatory parameter [FIELDS] cannot be empty,#N/A Mandatory parameter [FIELDS] cannot be empty,#N/A Mandatory parameter [FIELDS] cannot be empty,#N/A Mandatory parameter [FIELDS] cannot be empty,#N/A Mandatory parameter [FIELDS] cannot be empty,#N/A Mandatory parameter [FIELDS] cannot be empty,#N/A Mandatory parameter [FIELDS] cannot be empty,#N/A Mandatory parameter [FIELDS] cannot be empty,#N/A Mandatory parameter [FIELDS] cannot be empty
Total Energy Consumption,ENERGY_CONSUMPTION,429.90,"1,616.00",—,123.73,—,—,"16,681.30",40.59,—,"2,668.15",120.94,"1,370.17","2,458.02","7,102.78","58,725.00",—,"17,255.00",—,—,"1,852.08",462.00,—,—,"5,372.22","185,610.00",446.67,22.17,"97,197.00","1,819.00","5,777.30","54,390.00","5,048.89",—,—,—,295.54,—,252.13,—,—,"1,047.00","1,362.29",1.34,"1,233.45",98.35,—,862.29,"1,053.53",88.12,—,"4,204.72",—,"4,118.64","1,240.53",206.71,—,"4,860.28",—,257.11,"6,346.12",468.75,"13,845.50","5,009.27",25.20,—,—,908.69,—,—,—,—,—,—,"1,478.89",—,"21,662.30",—,"125,244.00",208.77,—,—,—,"5,138.27",—,175.45,"2,625.83",—,—,—,"5,575.94","1,246.53","6,634.71","1,651.82",—,"35,900.00",—,"2,169.44",106.56,718.26,—
Electricity Used,ELECTRICITY_USED,322.90,"1,031.00",—,117.07,—,—,66.16,34.10,—,970.70,—,—,73.74,—,"5,200.00",—,"14,108.10",—,—,907.08,—,—,—,"2,090.00","30,830.00",154.75,—,"8,486.86",833.50,"3,349.26","1,176.00","1,479.44",—,—,—,32.04,—,79.30,—,—,892.00,601.86,—,166.95,55.94,—,—,690.30,46.54,—,803.10,—,"3,516.36",252.98,94.13,—,72.30,—,122.74,"4,096.31",310.51,"7,774.37",751.39,18.73,—,—,—,—,—,—,—,—,—,"1,064.80",—,"4,305.41",—,—,90.58,—,—,—,"2,620.66",—,147.21,"2,421.11",—,—,—,"4,215.03",541.00,"3,787.73",—,—,659.90,—,713.89,106.55,—,—
Renewable Energy Use,RENEW_ENERGY_USE,100.10,320.00,—,34.03,—,—,2.58,6.49,—,709.08,—,—,18.44,—,"4,100.00",—,4.71,—,—,—,4.55,—,—,438.90,—,—,—,—,290.20,—,—,0.00,—,—,—,—,—,6.74,—,—,0.00,449.56,—,42.94,55.68,—,—,79.62,—,—,113.53,—,"2,082.55",449.68,—,—,—,—,—,—,71.77,—,455.84,18.73,—,—,—,—,—,—,—,—,—,0.00,—,"2,815.44",—,—,—,—,—,—,40.21,"18,896.60",—,961.18,—,—,—,413.32,4.22,308.56,8.92,—,—,—,—,106.56,4.32,—
Fuel Used - Natural Gas,NAT_GAS_USED,"8,686.24","42,944.50",—,635.64,—,—,—,—,—,"78,250.60",—,—,—,—,"1,936,340.00",—,"41,587.50",—,—,—,—,—,—,—,"3,780,000.00","2,415,960.00",—,"3,734,140.00",—,"218,303.00",—,"330,745.00",—,—,—,"2,008.23",—,"16,567.30",—,—,"13,995.30","8,696.53",—,—,—,—,—,"33,472.90","3,985.40",—,—,—,"29,290.10","85,873.10","3,158.35",—,—,—,—,"117,522.00","10,240.50","404,876.00","303,351.00",163.15,—,—,—,—,—,—,—,—,—,—,—,"1,056,500.00",—,—,—,—,—,—,"183,286.00",—,—,"18,850.90",—,—,—,"126,363.00","61,550.10","227,347.00",—,—,"26,750.00",—,—,—,—,—
Water,,#N/A Mandatory parameter [FIELDS] cannot be empty,#N/A Mandatory parameter [FIELDS] cannot be empty,#N/A Mandatory parameter [FIELDS] cannot be empty,#N/A Mandatory parameter [FIELDS] cannot be empty,#N/A Mandatory parameter [FIELDS] cannot be empty,#N/A Mandatory parameter [FIELDS] cannot be empty,#N/A Mandatory parameter [FIELDS] cannot be empty,#N/A Mandatory parameter [FIELDS] cannot be empty,#N/A Mandatory parameter [FIELDS] cannot be empty,#N/A Mandatory parameter [FIELDS] cannot be empty,#N/A Mandatory parameter [FIELDS] cannot be empty,#N/A Mandatory parameter [FIELDS] cannot be empty,#N/A Mandatory parameter [FIELDS] cannot be empty,#N/A Mandatory parameter [FIELDS] cannot be empty,#N/A Mandatory parameter [FIELDS] cannot be empty,#N/A Mandatory parameter [FIELDS] cannot be empty,#N/A Mandatory parameter [FIELDS] cannot be empty,#N/A Mandatory parameter [FIELDS] cannot be empty,#N/A Mandatory parameter [FIELDS] cannot be empty,#N/A Mandatory parameter [FIELDS] cannot be empty,#N/A Mandatory parameter [FIELDS] cannot be empty,#N/A Mandatory parameter [FIELDS] cannot be empty,#N/A Mandatory parameter [FIELDS] cannot be empty,#N/A Mandatory parameter [FIELDS] cannot be empty,#N/A Mandatory parameter [FIELDS] cannot be empty,#N/A Mandatory parameter [FIELDS] cannot be empty,#N/A Mandatory parameter [FIELDS] cannot be empty,#N/A Mandatory parameter [FIELDS] cannot be empty,#N/A Mandatory parameter [FIELDS] cannot be empty,#N/A Mandatory parameter [FIELDS] cannot be empty,#N/A Mandatory parameter [FIELDS] cannot be empty,#N/A Mandatory parameter [FIELDS] cannot be empty,#N/A Mandatory parameter [FIELDS] cannot be empty,#N/A Mandatory parameter [FIELDS] cannot be empty,#N/A Mandatory parameter [FIELDS] cannot be empty,#N/A Mandatory parameter [FIELDS] cannot be empty,#N/A Mandatory parameter [FIELDS] cannot be empty,#N/A Mandatory parameter [FIELDS] cannot be empty,#N/A Mandatory parameter [FIELDS] cannot be empty,#N/A Mandatory parameter [FIELDS] cannot be empty,#N/A Mandatory parameter [FIELDS] cannot be empty,#N/A Mandatory parameter [FIELDS] cannot be empty,#N/A Mandatory parameter [FIELDS] cannot be empty,#N/A Mandatory parameter [FIELDS] cannot be empty,#N/A Mandatory parameter [FIELDS] cannot be empty,#N/A Mandatory parameter [FIELDS] cannot be empty,#N/A Mandatory parameter [FIELDS] cannot be empty,#N/A Mandatory parameter [FIELDS] cannot be empty,#N/A Mandatory parameter [FIELDS] cannot be empty,#N/A Mandatory parameter [FIELDS] cannot be empty,#N/A Mandatory parameter [FIELDS] cannot be empty,#N/A Mandatory parameter [FIELDS] cannot be empty,#N/A Mandatory parameter [FIELDS] cannot be empty,#N/A Mandatory parameter [FIELDS] cannot be empty,#N/A Mandatory parameter [FIELDS] cannot be empty,#N/A Mandatory parameter [FIELDS] cannot be empty,#N/A Mandatory parameter [FIELDS] cannot be empty,#N/A Mandatory parameter [FIELDS] cannot be empty,#N/A Mandatory parameter [FIELDS] cannot be empty,#N/A Mandatory parameter [FIELDS] cannot be empty,#N/A Mandatory parameter [FIELDS] cannot be empty,#N/A Mandatory parameter [FIELDS] cannot be empty,#N/A Mandatory parameter [FIELDS] cannot be empty,#N/A Mandatory parameter [FIELDS] cannot be empty,#N/A Mandatory parameter [FIELDS] cannot be empty,#N/A Mandatory parameter [FIELDS] cannot be empty,#N/A Mandatory parameter [FIELDS] cannot be empty,#N/A Mandatory parameter [FIELDS] cannot be empty,#N/A Mandatory parameter [FIELDS] cannot be empty,#N/A Mandatory parameter [FIELDS] cannot be empty,#N/A Mandatory parameter [FIELDS] cannot be empty,#N/A Mandatory parameter [FIELDS] cannot be empty,#N/A Mandatory parameter [FIELDS] cannot be empty,#N/A Mandatory parameter [FIELDS] cannot be empty,#N/A Mandatory parameter [FIELDS] cannot be empty,#N/A Mandatory parameter [FIELDS] cannot be empty,#N/A Mandatory parameter [FIELDS] cannot be empty,#N/A Mandatory parameter [FIELDS] cannot be empty,#N/A Mandatory parameter [FIELDS] cannot be empty,#N/A Mandatory parameter [FIELDS] cannot be empty,#N/A Mandatory parameter [FIELDS] cannot be empty,#N/A Mandatory parameter [FIELDS] cannot be empty,#N/A Mandatory parameter [FIELDS] cannot be empty,#N/A Mandatory parameter [FIELDS] cannot be empty,#N/A Mandatory parameter [FIELDS] cannot be empty,#N/A Mandatory parameter [FIELDS] cannot be empty,#N/A Mandatory parameter [FIELDS] cannot be empty,#N/A Mandatory parameter [FIELDS] cannot be empty,#N/A Mandatory parameter [FIELDS] cannot be empty,#N/A Mandatory parameter [FIELDS] cannot be empty,#N/A Mandatory parameter [FIELDS] cannot be empty,#N/A Mandatory parameter [FIELDS] cannot be empty,#N/A Mandatory parameter [FIELDS] cannot be empty,#N/A Mandatory parameter [FIELDS] cannot be empty,#N/A Mandatory parameter [FIELDS] cannot be empty,#N/A Mandatory parameter [FIELDS] cannot be empty,#N/A Mandatory parameter [FIELDS] cannot be empty,#N/A Mandatory parameter [FIELDS] cannot be empty,#N/A Mandatory parameter [FIELDS] cannot be empty,#N/A Mandatory parameter [FIELDS] cannot be empty
Total Water Use,TOTAL_WATER_USE,"2,064.95","4,257.20",—,—,—,—,37.46,—,—,"46,604.60",784.24,—,45.00,"122,391.00",—,—,"10,137.80",—,—,"1,260.00",810.72,—,—,"12,795.30",—,"1,874.57",—,"3,622,630.00",—,"11,583.80",—,"25,900.00",—,—,—,—,—,"11,904.40",—,—,—,"12,630.00",—,—,161.03,—,"7,653.43","5,487.89",314.00,—,"19,619.70",—,"1,305.80","4,680.00",259.39,—,—,—,659.08,"8,820.41","2,588.76","101,325.00",—,—,—,—,—,"7,704,040.00",—,—,—,—,—,—,"32,758.80",—,—,—,—,"9,900.00",—,—,—,—,—,"34,056.00",—,—,"12,848.30","10,986.00","5,444.70",—,"3,441.52",—,"2,990.61",—,—,—,—,—
Total Water Withdrawal,TOTAL_WATER_WITHDRAWAL,"1,309.00","3,224.20",—,151.00,—,—,37.46,—,—,"46,604.60",784.24,"1,613.00",45.00,"70,746.00","111,400.00",—,"10,137.80",—,—,"1,260.00",810.72,—,—,"12,795.30","643,200.00","1,874.57",—,"1,567,560.00","8,800.00","5,910.09","59,300.00","25,900.00",—,—,—,—,—,"11,904.40",—,—,—,"12,630.00",—,—,161.03,—,"7,653.43","5,487.89",314.00,—,"19,413.60",—,"1,305.80","4,680.00",259.39,—,—,—,659.08,"8,820.41","2,588.76","101,325.00","20,500.00",—,"2,396.00",—,—,"7,704,040.00",—,—,—,—,—,—,"26,207.00","82,737.00",—,—,—,"8,500.00",—,—,—,"277,057.00",—,"20,223.00",—,—,"12,848.30","10,986.00","5,444.70",—,"3,441.52",—,"2,990.61",—,—,—,"6,584.01",—
Water Consumption,WATER_CONSMPTN,—,—,—,—,—,—,—,—,—,—,—,20.10,—,"64,730.00",—,—,—,—,—,—,—,—,—,—,—,"1,129.43",—,"169,398.00",—,"4,677.54",—,—,—,—,—,—,—,—,—,—,—,"12,623.00","3,234.26",—,—,—,—,—,—,—,"4,358.99",—,—,—,—,—,—,—,—,—,—,"35,464.00",—,—,—,—,"2,384.92","105,996.00",—,—,—,—,—,—,—,"28,129.00",—,—,—,"7,100.00",—,—,—,—,313.15,—,—,—,—,—,872.60,—,—,—,—,—,—,—,—,—
Total Water Recycled,TOTAL_WATER_RECYCLED,755.95,"1,033.00",—,—,—,—,—,—,—,—,—,—,—,"51,644.60",—,—,—,—,—,—,—,—,—,—,—,—,—,"2,055,070.00",—,"5,673.69",—,—,—,—,—,—,—,—,—,—,—,—,—,—,—,—,—,—,—,—,206.09,—,—,—,—,—,—,—,—,—,—,—,—,—,—,—,—,—,—,—,—,—,—,—,"6,551.75",—,—,—,—,"1,400.00",—,—,—,—,—,"13,833.00",—,—,—,—,—,—,—,—,—,—,—,—,—,—
Municipal Water,MUNICIPAL_WATER_USE,—,"2,523.00",—,—,—,—,37.46,—,—,"4,713.09",—,—,16.00,"7,903.00","38,200.00",—,"10,137.80",—,—,—,—,—,—,"3,787.40",—,"1,612.13",—,"20,241.00","5,300.00","1,891.61",—,400.00,—,—,—,—,—,—,—,—,—,670.00,—,—,—,—,—,"5,487.89",—,—,—,—,872.21,"3,220.00",235.32,—,—,—,659.08,—,—,"99,639.00","7,300.00",—,0.00,—,—,"3,785.58",—,—,—,—,—,—,—,"60,271.00",—,—,—,—,—,—,—,"12,603.50",—,"17,342.00",—,—,"1,230.31","10,986.00","2,504.56",—,—,—,—,—,—,—,"6,558.52",—
Rainwater Harvested,RAINWTR_HARVSTD,—,4.00,—,—,—,—,—,—,—,—,—,—,—,"23,341.00",—,—,—,—,—,—,—,—,—,—,—,—,—,—,—,—,—,—,—,—,—,—,—,—,—,—,—,—,—,—,—,—,—,—,—,—,272.79,—,—,0.00,—,—,—,—,—,—,—,—,—,—,—,—,—,—,—,—,—,—,—,—,—,—,—,—,—,—,—,—,—,—,—,—,—,—,—,—,—,—,—,—,—,—,—,—,—,—
Waste Management,,#N/A Mandatory parameter [FIELDS] cannot be empty,#N/A Mandatory parameter [FIELDS] cannot be empty,#N/A Mandatory parameter [FIELDS] cannot be empty,#N/A Mandatory parameter [FIELDS] cannot be empty,#N/A Mandatory parameter [FIELDS] cannot be empty,#N/A Mandatory parameter [FIELDS] cannot be empty,#N/A Mandatory parameter [FIELDS] cannot be empty,#N/A Mandatory parameter [FIELDS] cannot be empty,#N/A Mandatory parameter [FIELDS] cannot be empty,#N/A Mandatory parameter [FIELDS] cannot be empty,#N/A Mandatory parameter [FIELDS] cannot be empty,#N/A Mandatory parameter [FIELDS] cannot be empty,#N/A Mandatory parameter [FIELDS] cannot be empty,#N/A Mandatory parameter [FIELDS] cannot be empty,#N/A Mandatory parameter [FIELDS] cannot be empty,#N/A Mandatory parameter [FIELDS] cannot be empty,#N/A Mandatory parameter [FIELDS] cannot be empty,#N/A Mandatory parameter [FIELDS] cannot be empty,#N/A Mandatory parameter [FIELDS] cannot be empty,#N/A Mandatory parameter [FIELDS] cannot be empty,#N/A Mandatory parameter [FIELDS] cannot be empty,#N/A Mandatory parameter [FIELDS] cannot be empty,#N/A Mandatory parameter [FIELDS] cannot be empty,#N/A Mandatory parameter [FIELDS] cannot be empty,#N/A Mandatory parameter [FIELDS] cannot be empty,#N/A Mandatory parameter [FIELDS] cannot be empty,#N/A Mandatory parameter [FIELDS] cannot be empty,#N/A Mandatory parameter [FIELDS] cannot be empty,#N/A Mandatory parameter [FIELDS] cannot be empty,#N/A Mandatory parameter [FIELDS] cannot be empty,#N/A Mandatory parameter [FIELDS] cannot be empty,#N/A Mandatory parameter [FIELDS] cannot be empty,#N/A Mandatory parameter [FIELDS] cannot be empty,#N/A Mandatory parameter [FIELDS] cannot be empty,#N/A Mandatory parameter [FIELDS] cannot be empty,#N/A Mandatory parameter [FIELDS] cannot be empty,#N/A Mandatory parameter [FIELDS] cannot be empty,#N/A Mandatory parameter [FIELDS] cannot be empty,#N/A Mandatory parameter [FIELDS] cannot be empty,#N/A Mandatory parameter [FIELDS] cannot be empty,#N/A Mandatory parameter [FIELDS] cannot be empty,#N/A Mandatory parameter [FIELDS] cannot be empty,#N/A Mandatory parameter [FIELDS] cannot be empty,#N/A Mandatory parameter [FIELDS] cannot be empty,#N/A Mandatory parameter [FIELDS] cannot be empty,#N/A Mandatory parameter [FIELDS] cannot be empty,#N/A Mandatory parameter [FIELDS] cannot be empty,#N/A Mandatory parameter [FIELDS] cannot be empty,#N/A Mandatory parameter [FIELDS] cannot be empty,#N/A Mandatory parameter [FIELDS] cannot be empty,#N/A Mandatory parameter [FIELDS] cannot be empty,#N/A Mandatory parameter [FIELDS] cannot be empty,#N/A Mandatory parameter [FIELDS] cannot be empty,#N/A Mandatory parameter [FIELDS] cannot be empty,#N/A Mandatory parameter [FIELDS] cannot be empty,#N/A Mandatory parameter [FIELDS] cannot be empty,#N/A Mandatory parameter [FIELDS] cannot be empty,#N/A Mandatory parameter [FIELDS] cannot be empty,#N/A Mandatory parameter [FIELDS] cannot be empty,#N/A Mandatory parameter [FIELDS] cannot be empty,#N/A Mandatory parameter [FIELDS] cannot be empty,#N/A Mandatory parameter [FIELDS] cannot be empty,#N/A Mandatory parameter [FIELDS] cannot be empty,#N/A Mandatory parameter [FIELDS] cannot be empty,#N/A Mandatory parameter [FIELDS] cannot be empty,#N/A Mandatory parameter [FIELDS] cannot be empty,#N/A Mandatory parameter [FIELDS] cannot be empty,#N/A Mandatory parameter [FIELDS] cannot be empty,#N/A Mandatory parameter [FIELDS] cannot be empty,#N/A Mandatory parameter [FIELDS] cannot be empty,#N/A Mandatory parameter [FIELDS] cannot be empty,#N/A Mandatory parameter [FIELDS] cannot be empty,#N/A Mandatory parameter [FIELDS] cannot be empty,#N/A Mandatory parameter [FIELDS] cannot be empty,#N/A Mandatory parameter [FIELDS] cannot be empty,#N/A Mandatory parameter [FIELDS] cannot be empty,#N/A Mandatory parameter [FIELDS] cannot be empty,#N/A Mandatory parameter [FIELDS] cannot be empty,#N/A Mandatory parameter [FIELDS] cannot be empty,#N/A Mandatory parameter [FIELDS] cannot be empty,#N/A Mandatory parameter [FIELDS] cannot be empty,#N/A Mandatory parameter [FIELDS] cannot be empty,#N/A Mandatory parameter [FIELDS] cannot be empty,#N/A Mandatory parameter [FIELDS] cannot be empty,#N/A Mandatory parameter [FIELDS] cannot be empty,#N/A Mandatory parameter [FIELDS] cannot be empty,#N/A Mandatory parameter [FIELDS] cannot be empty,#N/A Mandatory parameter [FIELDS] cannot be empty,#N/A Mandatory parameter [FIELDS] cannot be empty,#N/A Mandatory parameter [FIELDS] cannot be empty,#N/A Mandatory parameter [FIELDS] cannot be empty,#N/A Mandatory parameter [FIELDS] cannot be empty,#N/A Mandatory parameter [FIELDS] cannot be empty,#N/A Mandatory parameter [FIELDS] cannot be empty,#N/A Mandatory parameter [FIELDS] cannot be empty,#N/A Mandatory parameter [FIELDS] cannot be empty,#N/A Mandatory parameter [FIELDS] cannot be empty,#N/A Mandatory parameter [FIELDS] cannot be empty,#N/A Mandatory parameter [FIELDS] cannot be empty,#N/A Mandatory parameter [FIELDS] cannot be empty
Total Waste,TOTAL_WASTE,23.71,192.00,—,0.49,—,—,0.08,—,—,—,—,—,—,"210,915.00",—,—,199.75,—,—,91.25,85.32,—,—,554.00,"2,441.90",34.45,—,"195,231.00",146.00,"1,137.06",295.10,158.08,—,—,—,—,—,74.03,—,—,—,45.55,—,—,—,—,—,36.16,9.68,—,599.70,—,23.62,73.04,9.20,—,45.92,—,5.43,639.84,51.91,—,77.58,0.54,94.59,—,141.00,62.15,—,—,—,—,—,—,—,"2,384.41",—,—,—,386.60,—,—,—,—,—,49.01,—,—,—,877.77,62.40,—,392.30,—,"1,905.09",—,352.10,—,—,—
Hazardous Waste,HAZARDOUS_WASTE,1.89,8.00,—,0.00,—,—,0.08,—,—,0.13,—,—,—,21.99,—,—,0.04,—,—,0.04,0.20,—,—,—,731.10,0.41,—,554.43,4.00,71.86,28.20,63.74,—,—,—,—,—,—,—,—,—,1.21,0.00,—,—,—,—,0.00,0.03,—,72.97,—,1.42,24.30,0.62,—,1.11,—,—,1.84,0.00,—,43.00,—,0.04,—,—,0.29,—,—,—,—,—,—,—,—,—,30.00,—,7.45,—,—,20.36,—,—,19.61,—,—,—,1.11,0.02,—,—,—,—,—,64.80,—,—,—
Waste Recycled,WASTE_RECYCLED,11.25,162.00,—,0.40,—,—,0.04,—,—,"2,144.54",—,100.00,—,11.30,—,—,80.01,—,—,63.04,49.10,—,—,506.91,—,16.39,—,"1,585.14",—,976.74,107.50,131.07,—,—,—,—,—,28.13,—,—,—,39.03,—,—,—,—,—,7.34,—,—,12.19,—,19.40,—,5.83,—,21.38,—,1.24,301.60,11.28,—,23.67,—,—,—,118.00,60.61,—,—,—,—,—,—,—,"2,300.00",—,124.08,5.51,—,—,—,—,—,—,37.28,—,—,—,675.22,52.41,275.99,—,—,435.45,—,150.10,—,—,—
Material,,#N/A Mandatory parameter [FIELDS] cannot be empty,#N/A Mandatory parameter [FIELDS] cannot be empty,#N/A Mandatory parameter [FIELDS] cannot be empty,#N/A Mandatory parameter [FIELDS] cannot be empty,#N/A Mandatory parameter [FIELDS] cannot be empty,#N/A Mandatory parameter [FIELDS] cannot be empty,#N/A Mandatory parameter [FIELDS] cannot be empty,#N/A Mandatory parameter [FIELDS] cannot be empty,#N/A Mandatory parameter [FIELDS] cannot be empty,#N/A Mandatory parameter [FIELDS] cannot be empty,#N/A Mandatory parameter [FIELDS] cannot be empty,#N/A Mandatory parameter [FIELDS] cannot be empty,#N/A Mandatory parameter [FIELDS] cannot be empty,#N/A Mandatory parameter [FIELDS] cannot be empty,#N/A Mandatory parameter [FIELDS] cannot be empty,#N/A Mandatory parameter [FIELDS] cannot be empty,#N/A Mandatory parameter [FIELDS] cannot be empty,#N/A Mandatory parameter [FIELDS] cannot be empty,#N/A Mandatory parameter [FIELDS] cannot be empty,#N/A Mandatory parameter [FIELDS] cannot be empty,#N/A Mandatory parameter [FIELDS] cannot be empty,#N/A Mandatory parameter [FIELDS] cannot be empty,#N/A Mandatory parameter [FIELDS] cannot be empty,#N/A Mandatory parameter [FIELDS] cannot be empty,#N/A Mandatory parameter [FIELDS] cannot be empty,#N/A Mandatory parameter [FIELDS] cannot be empty,#N/A Mandatory parameter [FIELDS] cannot be empty,#N/A Mandatory parameter [FIELDS] cannot be empty,#N/A Mandatory parameter [FIELDS] cannot be empty,#N/A Mandatory parameter [FIELDS] cannot be empty,#N/A Mandatory parameter [FIELDS] cannot be empty,#N/A Mandatory parameter [FIELDS] cannot be empty,#N/A Mandatory parameter [FIELDS] cannot be empty,#N/A Mandatory parameter [FIELDS] cannot be empty,#N/A Mandatory parameter [FIELDS] cannot be empty,#N/A Mandatory parameter [FIELDS] cannot be empty,#N/A Mandatory parameter [FIELDS] cannot be empty,#N/A Mandatory parameter [FIELDS] cannot be empty,#N/A Mandatory parameter [FIELDS] cannot be empty,#N/A Mandatory parameter [FIELDS] cannot be empty,#N/A Mandatory parameter [FIELDS] cannot be empty,#N/A Mandatory parameter [FIELDS] cannot be empty,#N/A Mandatory parameter [FIELDS] cannot be empty,#N/A Mandatory parameter [FIELDS] cannot be empty,#N/A Mandatory parameter [FIELDS] cannot be empty,#N/A Mandatory parameter [FIELDS] cannot be empty,#N/A Mandatory parameter [FIELDS] cannot be empty,#N/A Mandatory parameter [FIELDS] cannot be empty,#N/A Mandatory parameter [FIELDS] cannot be empty,#N/A Mandatory parameter [FIELDS] cannot be empty,#N/A Mandatory parameter [FIELDS] cannot be empty,#N/A Mandatory parameter [FIELDS] cannot be empty,#N/A Mandatory parameter [FIELDS] cannot be empty,#N/A Mandatory parameter [FIELDS] cannot be empty,#N/A Mandatory parameter [FIELDS] cannot be empty,#N/A Mandatory parameter [FIELDS] cannot be empty,#N/A Mandatory parameter [FIELDS] cannot be empty,#N/A Mandatory parameter [FIELDS] cannot be empty,#N/A Mandatory parameter [FIELDS] cannot be empty,#N/A Mandatory parameter [FIELDS] cannot be empty,#N/A Mandatory parameter [FIELDS] cannot be empty,#N/A Mandatory parameter [FIELDS] cannot be empty,#N/A Mandatory parameter [FIELDS] cannot be empty,#N/A Mandatory parameter [FIELDS] cannot be empty,#N/A Mandatory parameter [FIELDS] cannot be empty,#N/A Mandatory parameter [FIELDS] cannot be empty,#N/A Mandatory parameter [FIELDS] cannot be empty,#N/A Mandatory parameter [FIELDS] cannot be empty,#N/A Mandatory parameter [FIELDS] cannot be empty,#N/A Mandatory parameter [FIELDS] cannot be empty,#N/A Mandatory parameter [FIELDS] cannot be empty,#N/A Mandatory parameter [FIELDS] cannot be empty,#N/A Mandatory parameter [FIELDS] cannot be empty,#N/A Mandatory parameter [FIELDS] cannot be empty,#N/A Mandatory parameter [FIELDS] cannot be empty,#N/A Mandatory parameter [FIELDS] cannot be empty,#N/A Mandatory parameter [FIELDS] cannot be empty,#N/A Mandatory parameter [FIELDS] cannot be empty,#N/A Mandatory parameter [FIELDS] cannot be empty,#N/A Mandatory parameter [FIELDS] cannot be empty,#N/A Mandatory parameter [FIELDS] cannot be empty,#N/A Mandatory parameter [FIELDS] cannot be empty,#N/A Mandatory parameter [FIELDS] cannot be empty,#N/A Mandatory parameter [FIELDS] cannot be empty,#N/A Mandatory parameter [FIELDS] cannot be empty,#N/A Mandatory parameter [FIELDS] cannot be empty,#N/A Mandatory parameter [FIELDS] cannot be empty,#N/A Mandatory parameter [FIELDS] cannot be empty,#N/A Mandatory parameter [FIELDS] cannot be empty,#N/A Mandatory parameter [FIELDS] cannot be empty,#N/A Mandatory parameter [FIELDS] cannot be empty,#N/A Mandatory parameter [FIELDS] cannot be empty,#N/A Mandatory parameter [FIELDS] cannot be empty,#N/A Mandatory parameter [FIELDS] cannot be empty,#N/A Mandatory parameter [FIELDS] cannot be empty,#N/A Mandatory parameter [FIELDS] cannot be empty,#N/A Mandatory parameter [FIELDS] cannot be empty,#N/A Mandatory parameter [FIELDS] cannot be empty,#N/A Mandatory parameter [FIELDS] cannot be empty,#N/A Mandatory parameter [FIELDS] cannot be empty
Paper Consumption,PAPER_CONSUMPTION,—,—,—,—,—,—,—,—,—,—,—,—,—,—,—,—,12.59,—,—,—,—,—,—,—,—,—,—,—,—,—,—,—,—,—,—,—,—,—,—,—,—,—,—,—,—,—,—,—,—,—,—,—,—,—,11.64,—,—,—,—,—,—,—,—,—,—,—,—,—,—,—,—,—,—,—,—,—,—,—,—,—,—,—,—,—,—,—,—,—,—,—,—,—,—,—,—,—,—,—,—,—
Spills and Fines,,#N/A Mandatory parameter [FIELDS] cannot be empty,#N/A Mandatory parameter [FIELDS] cannot be empty,#N/A Mandatory parameter [FIELDS] cannot be empty,#N/A Mandatory parameter [FIELDS] cannot be empty,#N/A Mandatory parameter [FIELDS] cannot be empty,#N/A Mandatory parameter [FIELDS] cannot be empty,#N/A Mandatory parameter [FIELDS] cannot be empty,#N/A Mandatory parameter [FIELDS] cannot be empty,#N/A Mandatory parameter [FIELDS] cannot be empty,#N/A Mandatory parameter [FIELDS] cannot be empty,#N/A Mandatory parameter [FIELDS] cannot be empty,#N/A Mandatory parameter [FIELDS] cannot be empty,#N/A Mandatory parameter [FIELDS] cannot be empty,#N/A Mandatory parameter [FIELDS] cannot be empty,#N/A Mandatory parameter [FIELDS] cannot be empty,#N/A Mandatory parameter [FIELDS] cannot be empty,#N/A Mandatory parameter [FIELDS] cannot be empty,#N/A Mandatory parameter [FIELDS] cannot be empty,#N/A Mandatory parameter [FIELDS] cannot be empty,#N/A Mandatory parameter [FIELDS] cannot be empty,#N/A Mandatory parameter [FIELDS] cannot be empty,#N/A Mandatory parameter [FIELDS] cannot be empty,#N/A Mandatory parameter [FIELDS] cannot be empty,#N/A Mandatory parameter [FIELDS] cannot be empty,#N/A Mandatory parameter [FIELDS] cannot be empty,#N/A Mandatory parameter [FIELDS] cannot be empty,#N/A Mandatory parameter [FIELDS] cannot be empty,#N/A Mandatory parameter [FIELDS] cannot be empty,#N/A Mandatory parameter [FIELDS] cannot be empty,#N/A Mandatory parameter [FIELDS] cannot be empty,#N/A Mandatory parameter [FIELDS] cannot be empty,#N/A Mandatory parameter [FIELDS] cannot be empty,#N/A Mandatory parameter [FIELDS] cannot be empty,#N/A Mandatory parameter [FIELDS] cannot be empty,#N/A Mandatory parameter [FIELDS] cannot be empty,#N/A Mandatory parameter [FIELDS] cannot be empty,#N/A Mandatory parameter [FIELDS] cannot be empty,#N/A Mandatory parameter [FIELDS] cannot be empty,#N/A Mandatory parameter [FIELDS] cannot be empty,#N/A Mandatory parameter [FIELDS] cannot be empty,#N/A Mandatory parameter [FIELDS] cannot be empty,#N/A Mandatory parameter [FIELDS] cannot be empty,#N/A Mandatory parameter [FIELDS] cannot be empty,#N/A Mandatory parameter [FIELDS] cannot be empty,#N/A Mandatory parameter [FIELDS] cannot be empty,#N/A Mandatory parameter [FIELDS] cannot be empty,#N/A Mandatory parameter [FIELDS] cannot be empty,#N/A Mandatory parameter [FIELDS] cannot be empty,#N/A Mandatory parameter [FIELDS] cannot be empty,#N/A Mandatory parameter [FIELDS] cannot be empty,#N/A Mandatory parameter [FIELDS] cannot be empty,#N/A Mandatory parameter [FIELDS] cannot be empty,#N/A Mandatory parameter [FIELDS] cannot be empty,#N/A Mandatory parameter [FIELDS] cannot be empty,#N/A Mandatory parameter [FIELDS] cannot be empty,#N/A Mandatory parameter [FIELDS] cannot be empty,#N/A Mandatory parameter [FIELDS] cannot be empty,#N/A Mandatory parameter [FIELDS] cannot be empty,#N/A Mandatory parameter [FIELDS] cannot be empty,#N/A Mandatory parameter [FIELDS] cannot be empty,#N/A Mandatory parameter [FIELDS] cannot be empty,#N/A Mandatory parameter [FIELDS] cannot be empty,#N/A Mandatory parameter [FIELDS] cannot be empty,#N/A Mandatory parameter [FIELDS] cannot be empty,#N/A Mandatory parameter [FIELDS] cannot be empty,#N/A Mandatory parameter [FIELDS] cannot be empty,#N/A Mandatory parameter [FIELDS] cannot be empty,#N/A Mandatory parameter [FIELDS] cannot be empty,#N/A Mandatory parameter [FIELDS] cannot be empty,#N/A Mandatory parameter [FIELDS] cannot be empty,#N/A Mandatory parameter [FIELDS] cannot be empty,#N/A Mandatory parameter [FIELDS] cannot be empty,#N/A Mandatory parameter [FIELDS] cannot be empty,#N/A Mandatory parameter [FIELDS] cannot be empty,#N/A Mandatory parameter [FIELDS] cannot be empty,#N/A Mandatory parameter [FIELDS] cannot be empty,#N/A Mandatory parameter [FIELDS] cannot be empty,#N/A Mandatory parameter [FIELDS] cannot be empty,#N/A Mandatory parameter [FIELDS] cannot be empty,#N/A Mandatory parameter [FIELDS] cannot be empty,#N/A Mandatory parameter [FIELDS] cannot be empty,#N/A Mandatory parameter [FIELDS] cannot be empty,#N/A Mandatory parameter [FIELDS] cannot be empty,#N/A Mandatory parameter [FIELDS] cannot be empty,#N/A Mandatory parameter [FIELDS] cannot be empty,#N/A Mandatory parameter [FIELDS] cannot be empty,#N/A Mandatory parameter [FIELDS] cannot be empty,#N/A Mandatory parameter [FIELDS] cannot be empty,#N/A Mandatory parameter [FIELDS] cannot be empty,#N/A Mandatory parameter [FIELDS] cannot be empty,#N/A Mandatory parameter [FIELDS] cannot be empty,#N/A Mandatory parameter [FIELDS] cannot be empty,#N/A Mandatory parameter [FIELDS] cannot be empty,#N/A Mandatory parameter [FIELDS] cannot be empty,#N/A Mandatory parameter [FIELDS] cannot be empty,#N/A Mandatory parameter [FIELDS] cannot be empty,#N/A Mandatory parameter [FIELDS] cannot be empty,#N/A Mandatory parameter [FIELDS] cannot be empty,#N/A Mandatory parameter [FIELDS] cannot be empty,#N/A Mandatory parameter [FIELDS] cannot be empty
Number of  Spills,NUMBER_SPILLS,—,—,—,—,—,—,0.00,—,—,—,—,—,—,—,—,—,22.00,—,—,—,—,—,—,—,—,1.00,—,—,—,—,83.00,—,—,—,—,—,—,—,—,—,—,—,—,—,—,—,—,—,—,—,2.00,—,7.00,—,—,—,—,—,—,—,—,0.00,—,—,4.00,—,—,—,—,—,—,—,—,—,—,—,—,26.00,—,106.00,—,—,—,—,—,—,—,—,—,—,—,—,—,—,—,—,—,—,—,—
Amount of Spills,AMOUNT_OF_SPILLS,—,—,—,—,—,—,0.00,—,—,—,—,—,—,—,—,—,—,—,—,—,—,—,—,—,—,—,—,—,—,—,0.08,—,—,—,—,—,—,—,—,—,—,—,—,—,—,—,—,—,—,—,"9,125.17",—,—,—,—,—,—,—,—,—,—,0.00,—,—,0.01,—,—,—,—,—,—,—,—,—,—,—,—,0.05,—,—,—,—,—,—,—,—,—,—,—,—,—,—,—,—,—,—,—,—,—,—
Environmental Fines,,#N/A Mandatory parameter [FIELDS] cannot be empty,#N/A Mandatory parameter [FIELDS] cannot be empty,#N/A Mandatory parameter [FIELDS] cannot be empty,#N/A Mandatory parameter [FIELDS] cannot be empty,#N/A Mandatory parameter [FIELDS] cannot be empty,#N/A Mandatory parameter [FIELDS] cannot be empty,#N/A Mandatory parameter [FIELDS] cannot be empty,#N/A Mandatory parameter [FIELDS] cannot be empty,#N/A Mandatory parameter [FIELDS] cannot be empty,#N/A Mandatory parameter [FIELDS] cannot be empty,#N/A Mandatory parameter [FIELDS] cannot be empty,#N/A Mandatory parameter [FIELDS] cannot be empty,#N/A Mandatory parameter [FIELDS] cannot be empty,#N/A Mandatory parameter [FIELDS] cannot be empty,#N/A Mandatory parameter [FIELDS] cannot be empty,#N/A Mandatory parameter [FIELDS] cannot be empty,#N/A Mandatory parameter [FIELDS] cannot be empty,#N/A Mandatory parameter [FIELDS] cannot be empty,#N/A Mandatory parameter [FIELDS] cannot be empty,#N/A Mandatory parameter [FIELDS] cannot be empty,#N/A Mandatory parameter [FIELDS] cannot be empty,#N/A Mandatory parameter [FIELDS] cannot be empty,#N/A Mandatory parameter [FIELDS] cannot be empty,#N/A Mandatory parameter [FIELDS] cannot be empty,#N/A Mandatory parameter [FIELDS] cannot be empty,#N/A Mandatory parameter [FIELDS] cannot be empty,#N/A Mandatory parameter [FIELDS] cannot be empty,#N/A Mandatory parameter [FIELDS] cannot be empty,#N/A Mandatory parameter [FIELDS] cannot be empty,#N/A Mandatory parameter [FIELDS] cannot be empty,#N/A Mandatory parameter [FIELDS] cannot be empty,#N/A Mandatory parameter [FIELDS] cannot be empty,#N/A Mandatory parameter [FIELDS] cannot be empty,#N/A Mandatory parameter [FIELDS] cannot be empty,#N/A Mandatory parameter [FIELDS] cannot be empty,#N/A Mandatory parameter [FIELDS] cannot be empty,#N/A Mandatory parameter [FIELDS] cannot be empty,#N/A Mandatory parameter [FIELDS] cannot be empty,#N/A Mandatory parameter [FIELDS] cannot be empty,#N/A Mandatory parameter [FIELDS] cannot be empty,#N/A Mandatory parameter [FIELDS] cannot be empty,#N/A Mandatory parameter [FIELDS] cannot be empty,#N/A Mandatory parameter [FIELDS] cannot be empty,#N/A Mandatory parameter [FIELDS] cannot be empty,#N/A Mandatory parameter [FIELDS] cannot be empty,#N/A Mandatory parameter [FIELDS] cannot be empty,#N/A Mandatory parameter [FIELDS] cannot be empty,#N/A Mandatory parameter [FIELDS] cannot be empty,#N/A Mandatory parameter [FIELDS] cannot be empty,#N/A Mandatory parameter [FIELDS] cannot be empty,#N/A Mandatory parameter [FIELDS] cannot be empty,#N/A Mandatory parameter [FIELDS] cannot be empty,#N/A Mandatory parameter [FIELDS] cannot be empty,#N/A Mandatory parameter [FIELDS] cannot be empty,#N/A Mandatory parameter [FIELDS] cannot be empty,#N/A Mandatory parameter [FIELDS] cannot be empty,#N/A Mandatory parameter [FIELDS] cannot be empty,#N/A Mandatory parameter [FIELDS] cannot be empty,#N/A Mandatory parameter [FIELDS] cannot be empty,#N/A Mandatory parameter [FIELDS] cannot be empty,#N/A Mandatory parameter [FIELDS] cannot be empty,#N/A Mandatory parameter [FIELDS] cannot be empty,#N/A Mandatory parameter [FIELDS] cannot be empty,#N/A Mandatory parameter [FIELDS] cannot be empty,#N/A Mandatory parameter [FIELDS] cannot be empty,#N/A Mandatory parameter [FIELDS] cannot be empty,#N/A Mandatory parameter [FIELDS] cannot be empty,#N/A Mandatory parameter [FIELDS] cannot be empty,#N/A Mandatory parameter [FIELDS] cannot be empty,#N/A Mandatory parameter [FIELDS] cannot be empty,#N/A Mandatory parameter [FIELDS] cannot be empty,#N/A Mandatory parameter [FIELDS] cannot be empty,#N/A Mandatory parameter [FIELDS] cannot be empty,#N/A Mandatory parameter [FIELDS] cannot be empty,#N/A Mandatory parameter [FIELDS] cannot be empty,#N/A Mandatory parameter [FIELDS] cannot be empty,#N/A Mandatory parameter [FIELDS] cannot be empty,#N/A Mandatory parameter [FIELDS] cannot be empty,#N/A Mandatory parameter [FIELDS] cannot be empty,#N/A Mandatory parameter [FIELDS] cannot be empty,#N/A Mandatory parameter [FIELDS] cannot be empty,#N/A Mandatory parameter [FIELDS] cannot be empty,#N/A Mandatory parameter [FIELDS] cannot be empty,#N/A Mandatory parameter [FIELDS] cannot be empty,#N/A Mandatory parameter [FIELDS] cannot be empty,#N/A Mandatory parameter [FIELDS] cannot be empty,#N/A Mandatory parameter [FIELDS] cannot be empty,#N/A Mandatory parameter [FIELDS] cannot be empty,#N/A Mandatory parameter [FIELDS] cannot be empty,#N/A Mandatory parameter [FIELDS] cannot be empty,#N/A Mandatory parameter [FIELDS] cannot be empty,#N/A Mandatory parameter [FIELDS] cannot be empty,#N/A Mandatory parameter [FIELDS] cannot be empty,#N/A Mandatory parameter [FIELDS] cannot be empty,#N/A Mandatory parameter [FIELDS] cannot be empty,#N/A Mandatory parameter [FIELDS] cannot be empty,#N/A Mandatory parameter [FIELDS] cannot be empty,#N/A Mandatory parameter [FIELDS] cannot be empty,#N/A Mandatory parameter [FIELDS] cannot be empty,#N/A Mandatory parameter [FIELDS] cannot be empty
Environmental Fines $,ENVIRON_FINES_AMT,—,—,—,0.00,—,—,0.00,—,—,0.73,—,—,—,—,—,—,0.01,—,—,—,—,—,—,—,—,0.00,—,—,0.00,—,—,—,—,—,—,—,—,—,—,—,—,0.00,—,—,—,—,—,—,—,—,—,—,0.00,—,—,—,0.00,—,—,—,0.00,—,0.02,—,0.00,—,—,—,—,—,—,—,—,—,—,—,—,—,—,0.00,—,—,—,—,—,—,—,—,—,—,—,—,0.00,—,—,—,—,—,0.00,—
Investments/Costs,,#N/A Mandatory parameter [FIELDS] cannot be empty,#N/A Mandatory parameter [FIELDS] cannot be empty,#N/A Mandatory parameter [FIELDS] cannot be empty,#N/A Mandatory parameter [FIELDS] cannot be empty,#N/A Mandatory parameter [FIELDS] cannot be empty,#N/A Mandatory parameter [FIELDS] cannot be empty,#N/A Mandatory parameter [FIELDS] cannot be empty,#N/A Mandatory parameter [FIELDS] cannot be empty,#N/A Mandatory parameter [FIELDS] cannot be empty,#N/A Mandatory parameter [FIELDS] cannot be empty,#N/A Mandatory parameter [FIELDS] cannot be empty,#N/A Mandatory parameter [FIELDS] cannot be empty,#N/A Mandatory parameter [FIELDS] cannot be empty,#N/A Mandatory parameter [FIELDS] cannot be empty,#N/A Mandatory parameter [FIELDS] cannot be empty,#N/A Mandatory parameter [FIELDS] cannot be empty,#N/A Mandatory parameter [FIELDS] cannot be empty,#N/A Mandatory parameter [FIELDS] cannot be empty,#N/A Mandatory parameter [FIELDS] cannot be empty,#N/A Mandatory parameter [FIELDS] cannot be empty,#N/A Mandatory parameter [FIELDS] cannot be empty,#N/A Mandatory parameter [FIELDS] cannot be empty,#N/A Mandatory parameter [FIELDS] cannot be empty,#N/A Mandatory parameter [FIELDS] cannot be empty,#N/A Mandatory parameter [FIELDS] cannot be empty,#N/A Mandatory parameter [FIELDS] cannot be empty,#N/A Mandatory parameter [FIELDS] cannot be empty,#N/A Mandatory parameter [FIELDS] cannot be empty,#N/A Mandatory parameter [FIELDS] cannot be empty,#N/A Mandatory parameter [FIELDS] cannot be empty,#N/A Mandatory parameter [FIELDS] cannot be empty,#N/A Mandatory parameter [FIELDS] cannot be empty,#N/A Mandatory parameter [FIELDS] cannot be empty,#N/A Mandatory parameter [FIELDS] cannot be empty,#N/A Mandatory parameter [FIELDS] cannot be empty,#N/A Mandatory parameter [FIELDS] cannot be empty,#N/A Mandatory parameter [FIELDS] cannot be empty,#N/A Mandatory parameter [FIELDS] cannot be empty,#N/A Mandatory parameter [FIELDS] cannot be empty,#N/A Mandatory parameter [FIELDS] cannot be empty,#N/A Mandatory parameter [FIELDS] cannot be empty,#N/A Mandatory parameter [FIELDS] cannot be empty,#N/A Mandatory parameter [FIELDS] cannot be empty,#N/A Mandatory parameter [FIELDS] cannot be empty,#N/A Mandatory parameter [FIELDS] cannot be empty,#N/A Mandatory parameter [FIELDS] cannot be empty,#N/A Mandatory parameter [FIELDS] cannot be empty,#N/A Mandatory parameter [FIELDS] cannot be empty,#N/A Mandatory parameter [FIELDS] cannot be empty,#N/A Mandatory parameter [FIELDS] cannot be empty,#N/A Mandatory parameter [FIELDS] cannot be empty,#N/A Mandatory parameter [FIELDS] cannot be empty,#N/A Mandatory parameter [FIELDS] cannot be empty,#N/A Mandatory parameter [FIELDS] cannot be empty,#N/A Mandatory parameter [FIELDS] cannot be empty,#N/A Mandatory parameter [FIELDS] cannot be empty,#N/A Mandatory parameter [FIELDS] cannot be empty,#N/A Mandatory parameter [FIELDS] cannot be empty,#N/A Mandatory parameter [FIELDS] cannot be empty,#N/A Mandatory parameter [FIELDS] cannot be empty,#N/A Mandatory parameter [FIELDS] cannot be empty,#N/A Mandatory parameter [FIELDS] cannot be empty,#N/A Mandatory parameter [FIELDS] cannot be empty,#N/A Mandatory parameter [FIELDS] cannot be empty,#N/A Mandatory parameter [FIELDS] cannot be empty,#N/A Mandatory parameter [FIELDS] cannot be empty,#N/A Mandatory parameter [FIELDS] cannot be empty,#N/A Mandatory parameter [FIELDS] cannot be empty,#N/A Mandatory parameter [FIELDS] cannot be empty,#N/A Mandatory parameter [FIELDS] cannot be empty,#N/A Mandatory parameter [FIELDS] cannot be empty,#N/A Mandatory parameter [FIELDS] cannot be empty,#N/A Mandatory parameter [FIELDS] cannot be empty,#N/A Mandatory parameter [FIELDS] cannot be empty,#N/A Mandatory parameter [FIELDS] cannot be empty,#N/A Mandatory parameter [FIELDS] cannot be empty,#N/A Mandatory parameter [FIELDS] cannot be empty,#N/A Mandatory parameter [FIELDS] cannot be empty,#N/A Mandatory parameter [FIELDS] cannot be empty,#N/A Mandatory parameter [FIELDS] cannot be empty,#N/A Mandatory parameter [FIELDS] cannot be empty,#N/A Mandatory parameter [FIELDS] cannot be empty,#N/A Mandatory parameter [FIELDS] cannot be empty,#N/A Mandatory parameter [FIELDS] cannot be empty,#N/A Mandatory parameter [FIELDS] cannot be empty,#N/A Mandatory parameter [FIELDS] cannot be empty,#N/A Mandatory parameter [FIELDS] cannot be empty,#N/A Mandatory parameter [FIELDS] cannot be empty,#N/A Mandatory parameter [FIELDS] cannot be empty,#N/A Mandatory parameter [FIELDS] cannot be empty,#N/A Mandatory parameter [FIELDS] cannot be empty,#N/A Mandatory parameter [FIELDS] cannot be empty,#N/A Mandatory parameter [FIELDS] cannot be empty,#N/A Mandatory parameter [FIELDS] cannot be empty,#N/A Mandatory parameter [FIELDS] cannot be empty,#N/A Mandatory parameter [FIELDS] cannot be empty,#N/A Mandatory parameter [FIELDS] cannot be empty,#N/A Mandatory parameter [FIELDS] cannot be empty,#N/A Mandatory parameter [FIELDS] cannot be empty,#N/A Mandatory parameter [FIELDS] cannot be empty
Environmental Accounting Cost,ENVIRONMENTAL_ACCTG_COST,20.30,—,—,—,—,—,—,—,—,—,—,—,—,—,52.00,—,—,—,—,—,—,—,—,—,—,—,—,33.50,—,46.60,—,—,—,—,—,—,—,—,—,—,—,—,—,—,—,—,—,—,—,—,—,—,61.40,—,—,—,—,—,—,—,—,—,11.00,—,—,—,—,—,—,—,—,—,—,0.02,—,—,—,—,—,—,—,—,—,—,—,—,—,—,—,—,—,—,—,—,76.00,—,—,—,—,—
Investments in Operational Sustainability,INVESTMENTS_IN_SUSTAINABILITY,—,—,—,—,—,—,—,—,—,—,—,—,65.00,—,—,—,100.00,—,—,—,—,—,—,—,—,—,—,—,56.70,2.70,—,—,—,—,—,—,—,80.00,—,—,—,—,—,—,—,—,—,—,—,—,—,12.00,12.40,—,—,—,—,—,—,—,—,—,—,—,—,29.00,—,—,—,—,—,—,—,—,—,—,—,—,—,—,—,—,—,—,—,—,—,—,—,—,—,—,—,—,—,—,—,—,—,—
Operational Policy,,#N/A Mandatory parameter [FIELDS] cannot be empty,#N/A Mandatory parameter [FIELDS] cannot be empty,#N/A Mandatory parameter [FIELDS] cannot be empty,#N/A Mandatory parameter [FIELDS] cannot be empty,#N/A Mandatory parameter [FIELDS] cannot be empty,#N/A Mandatory parameter [FIELDS] cannot be empty,#N/A Mandatory parameter [FIELDS] cannot be empty,#N/A Mandatory parameter [FIELDS] cannot be empty,#N/A Mandatory parameter [FIELDS] cannot be empty,#N/A Mandatory parameter [FIELDS] cannot be empty,#N/A Mandatory parameter [FIELDS] cannot be empty,#N/A Mandatory parameter [FIELDS] cannot be empty,#N/A Mandatory parameter [FIELDS] cannot be empty,#N/A Mandatory parameter [FIELDS] cannot be empty,#N/A Mandatory parameter [FIELDS] cannot be empty,#N/A Mandatory parameter [FIELDS] cannot be empty,#N/A Mandatory parameter [FIELDS] cannot be empty,#N/A Mandatory parameter [FIELDS] cannot be empty,#N/A Mandatory parameter [FIELDS] cannot be empty,#N/A Mandatory parameter [FIELDS] cannot be empty,#N/A Mandatory parameter [FIELDS] cannot be empty,#N/A Mandatory parameter [FIELDS] cannot be empty,#N/A Mandatory parameter [FIELDS] cannot be empty,#N/A Mandatory parameter [FIELDS] cannot be empty,#N/A Mandatory parameter [FIELDS] cannot be empty,#N/A Mandatory parameter [FIELDS] cannot be empty,#N/A Mandatory parameter [FIELDS] cannot be empty,#N/A Mandatory parameter [FIELDS] cannot be empty,#N/A Mandatory parameter [FIELDS] cannot be empty,#N/A Mandatory parameter [FIELDS] cannot be empty,#N/A Mandatory parameter [FIELDS] cannot be empty,#N/A Mandatory parameter [FIELDS] cannot be empty,#N/A Mandatory parameter [FIELDS] cannot be empty,#N/A Mandatory parameter [FIELDS] cannot be empty,#N/A Mandatory parameter [FIELDS] cannot be empty,#N/A Mandatory parameter [FIELDS] cannot be empty,#N/A Mandatory parameter [FIELDS] cannot be empty,#N/A Mandatory parameter [FIELDS] cannot be empty,#N/A Mandatory parameter [FIELDS] cannot be empty,#N/A Mandatory parameter [FIELDS] cannot be empty,#N/A Mandatory parameter [FIELDS] cannot be empty,#N/A Mandatory parameter [FIELDS] cannot be empty,#N/A Mandatory parameter [FIELDS] cannot be empty,#N/A Mandatory parameter [FIELDS] cannot be empty,#N/A Mandatory parameter [FIELDS] cannot be empty,#N/A Mandatory parameter [FIELDS] cannot be empty,#N/A Mandatory parameter [FIELDS] cannot be empty,#N/A Mandatory parameter [FIELDS] cannot be empty,#N/A Mandatory parameter [FIELDS] cannot be empty,#N/A Mandatory parameter [FIELDS] cannot be empty,#N/A Mandatory parameter [FIELDS] cannot be empty,#N/A Mandatory parameter [FIELDS] cannot be empty,#N/A Mandatory parameter [FIELDS] cannot be empty,#N/A Mandatory parameter [FIELDS] cannot be empty,#N/A Mandatory parameter [FIELDS] cannot be empty,#N/A Mandatory parameter [FIELDS] cannot be empty,#N/A Mandatory parameter [FIELDS] cannot be empty,#N/A Mandatory parameter [FIELDS] cannot be empty,#N/A Mandatory parameter [FIELDS] cannot be empty,#N/A Mandatory parameter [FIELDS] cannot be empty,#N/A Mandatory parameter [FIELDS] cannot be empty,#N/A Mandatory parameter [FIELDS] cannot be empty,#N/A Mandatory parameter [FIELDS] cannot be empty,#N/A Mandatory parameter [FIELDS] cannot be empty,#N/A Mandatory parameter [FIELDS] cannot be empty,#N/A Mandatory parameter [FIELDS] cannot be empty,#N/A Mandatory parameter [FIELDS] cannot be empty,#N/A Mandatory parameter [FIELDS] cannot be empty,#N/A Mandatory parameter [FIELDS] cannot be empty,#N/A Mandatory parameter [FIELDS] cannot be empty,#N/A Mandatory parameter [FIELDS] cannot be empty,#N/A Mandatory parameter [FIELDS] cannot be empty,#N/A Mandatory parameter [FIELDS] cannot be empty,#N/A Mandatory parameter [FIELDS] cannot be empty,#N/A Mandatory parameter [FIELDS] cannot be empty,#N/A Mandatory parameter [FIELDS] cannot be empty,#N/A Mandatory parameter [FIELDS] cannot be empty,#N/A Mandatory parameter [FIELDS] cannot be empty,#N/A Mandatory parameter [FIELDS] cannot be empty,#N/A Mandatory parameter [FIELDS] cannot be empty,#N/A Mandatory parameter [FIELDS] cannot be empty,#N/A Mandatory parameter [FIELDS] cannot be empty,#N/A Mandatory parameter [FIELDS] cannot be empty,#N/A Mandatory parameter [FIELDS] cannot be empty,#N/A Mandatory parameter [FIELDS] cannot be empty,#N/A Mandatory parameter [FIELDS] cannot be empty,#N/A Mandatory parameter [FIELDS] cannot be empty,#N/A Mandatory parameter [FIELDS] cannot be empty,#N/A Mandatory parameter [FIELDS] cannot be empty,#N/A Mandatory parameter [FIELDS] cannot be empty,#N/A Mandatory parameter [FIELDS] cannot be empty,#N/A Mandatory parameter [FIELDS] cannot be empty,#N/A Mandatory parameter [FIELDS] cannot be empty,#N/A Mandatory parameter [FIELDS] cannot be empty,#N/A Mandatory parameter [FIELDS] cannot be empty,#N/A Mandatory parameter [FIELDS] cannot be empty,#N/A Mandatory parameter [FIELDS] cannot be empty,#N/A Mandatory parameter [FIELDS] cannot be empty,#N/A Mandatory parameter [FIELDS] cannot be empty,#N/A Mandatory parameter [FIELDS] cannot be empty
Renewable Electricity Target Policy,RENEWABLE_ELECTRICITY_TARGET_POL,0.00,0.00,0.00,1.00,0.00,0.00,0.00,0.00,—,1.00,0.00,0.00,0.00,0.00,0.00,—,1.00,0.00,0.00,1.00,0.00,0.00,—,1.00,0.00,0.00,0.00,0.00,1.00,1.00,0.00,0.00,0.00,0.00,—,0.00,0.00,1.00,—,0.00,1.00,0.00,0.00,0.00,1.00,—,1.00,—,0.00,0.00,0.00,1.00,1.00,1.00,0.00,0.00,0.00,—,0.00,0.00,0.00,1.00,1.00,0.00,0.00,0.00,0.00,0.00,0.00,—,—,—,—,0.00,0.00,1.00,—,0.00,0.00,0.00,0.00,—,0.00,0.00,0.00,1.00,—,1.00,0.00,0.00,0.00,1.00,0.00,—,0.00,—,1.00,1.00,—,0.00
Energy Efficiency Policy,ENERGY_EFFIC_POLICY,1.00,1.00,1.00,1.00,1.00,1.00,1.00,1.00,—,1.00,1.00,1.00,1.00,1.00,1.00,—,1.00,1.00,1.00,1.00,1.00,0.00,—,1.00,1.00,1.00,1.00,1.00,1.00,1.00,1.00,1.00,1.00,1.00,—,1.00,1.00,1.00,—,1.00,1.00,1.00,1.00,1.00,1.00,—,1.00,1.00,1.00,1.00,1.00,1.00,1.00,1.00,1.00,1.00,1.00,—,1.00,1.00,1.00,1.00,1.00,1.00,1.00,1.00,1.00,1.00,0.00,—,—,—,—,1.00,1.00,1.00,—,1.00,1.00,1.00,1.00,—,1.00,1.00,1.00,1.00,—,1.00,1.00,1.00,1.00,1.00,1.00,—,1.00,—,1.00,1.00,1.00,1.00
Emissions Reduction Initiatives,EMISSION_REDUCTION,1.00,1.00,0.00,1.00,1.00,1.00,1.00,1.00,—,1.00,1.00,1.00,1.00,1.00,1.00,—,1.00,1.00,1.00,1.00,1.00,0.00,—,1.00,1.00,1.00,1.00,1.00,1.00,1.00,1.00,1.00,0.00,1.00,—,1.00,1.00,1.00,—,0.00,1.00,1.00,0.00,1.00,1.00,—,1.00,1.00,1.00,0.00,1.00,1.00,1.00,1.00,1.00,1.00,1.00,—,1.00,1.00,1.00,1.00,1.00,1.00,1.00,1.00,1.00,1.00,0.00,—,—,—,—,1.00,1.00,1.00,—,1.00,1.00,1.00,1.00,—,1.00,1.00,1.00,1.00,—,1.00,1.00,1.00,1.00,1.00,1.00,—,1.00,—,1.00,1.00,1.00,0.00
Environmental Supply Chain Management,ENVIRON_SUPPLY_MGT,1.00,1.00,0.00,1.00,1.00,1.00,1.00,0.00,—,1.00,1.00,1.00,1.00,1.00,1.00,—,1.00,1.00,0.00,1.00,1.00,1.00,—,1.00,1.00,1.00,0.00,1.00,—,1.00,1.00,1.00,0.00,1.00,—,1.00,1.00,1.00,—,0.00,1.00,1.00,0.00,1.00,1.00,—,1.00,1.00,1.00,1.00,1.00,1.00,1.00,1.00,1.00,0.00,1.00,—,1.00,1.00,1.00,1.00,1.00,1.00,0.00,0.00,1.00,1.00,0.00,—,—,—,—,1.00,1.00,1.00,—,1.00,1.00,1.00,0.00,—,1.00,1.00,1.00,1.00,—,1.00,1.00,1.00,1.00,1.00,1.00,—,1.00,—,1.00,1.00,1.00,1.00
Environmental Quality Management  Policy,ENVIRON_QUAL_MGT,1.00,1.00,0.00,0.00,1.00,0.00,0.00,0.00,—,1.00,0.00,1.00,1.00,1.00,1.00,—,1.00,0.00,1.00,1.00,0.00,0.00,—,1.00,1.00,1.00,0.00,1.00,1.00,1.00,1.00,1.00,1.00,1.00,—,0.00,0.00,0.00,—,1.00,0.00,1.00,0.00,1.00,0.00,—,0.00,1.00,0.00,0.00,1.00,1.00,1.00,1.00,1.00,0.00,1.00,—,0.00,0.00,0.00,0.00,1.00,0.00,0.00,1.00,0.00,0.00,0.00,—,—,—,—,1.00,0.00,1.00,—,1.00,1.00,1.00,0.00,—,0.00,1.00,0.00,1.00,—,0.00,1.00,1.00,1.00,0.00,0.00,—,1.00,—,1.00,1.00,1.00,0.00
Green Building Policy,GREEN_BUILDING,0.00,1.00,1.00,1.00,0.00,1.00,1.00,1.00,—,0.00,1.00,0.00,0.00,0.00,0.00,—,1.00,1.00,0.00,0.00,0.00,0.00,—,1.00,0.00,0.00,1.00,0.00,1.00,1.00,0.00,0.00,0.00,0.00,—,0.00,0.00,1.00,—,0.00,0.00,0.00,1.00,0.00,1.00,—,1.00,1.00,1.00,0.00,0.00,0.00,1.00,—,1.00,0.00,0.00,—,1.00,0.00,1.00,1.00,1.00,1.00,1.00,0.00,0.00,0.00,0.00,—,—,—,—,0.00,0.00,1.00,—,1.00,0.00,1.00,1.00,—,0.00,0.00,0.00,—,—,1.00,0.00,0.00,0.00,0.00,1.00,—,1.00,—,1.00,1.00,1.00,0.00
Sustainable Packaging,SUSTAIN_PACKAGING,1.00,1.00,0.00,1.00,1.00,0.00,0.00,0.00,—,1.00,0.00,0.00,0.00,0.00,0.00,—,1.00,0.00,1.00,1.00,0.00,0.00,—,1.00,1.00,1.00,0.00,0.00,1.00,0.00,0.00,1.00,0.00,0.00,—,0.00,0.00,0.00,—,0.00,1.00,1.00,0.00,0.00,0.00,—,1.00,—,1.00,0.00,1.00,0.00,1.00,—,0.00,0.00,0.00,—,0.00,0.00,0.00,1.00,1.00,0.00,0.00,0.00,1.00,0.00,0.00,—,—,—,—,0.00,0.00,1.00,—,0.00,1.00,0.00,0.00,—,0.00,1.00,0.00,1.00,—,0.00,0.00,1.00,1.00,1.00,1.00,—,0.00,—,1.00,0.00,—,0.00
Waste Reduction Policy,WASTE_REDUCTION,1.00,1.00,0.00,1.00,1.00,1.00,1.00,0.00,—,0.00,0.00,1.00,1.00,1.00,1.00,—,1.00,1.00,1.00,1.00,1.00,0.00,—,1.00,1.00,1.00,1.00,1.00,1.00,1.00,1.00,1.00,1.00,1.00,—,0.00,1.00,1.00,—,1.00,1.00,1.00,1.00,1.00,1.00,—,1.00,1.00,0.00,0.00,1.00,1.00,1.00,1.00,1.00,1.00,1.00,—,0.00,1.00,1.00,1.00,1.00,1.00,1.00,1.00,1.00,1.00,0.00,—,—,—,—,1.00,1.00,1.00,—,1.00,1.00,1.00,1.00,—,1.00,1.00,1.00,1.00,—,1.00,1.00,1.00,1.00,1.00,1.00,—,1.00,—,1.00,1.00,1.00,1.00
Water Policy,WATER_POLICY,1.00,1.00,0.00,1.00,1.00,1.00,0.00,0.00,—,1.00,1.00,1.00,1.00,1.00,1.00,—,1.00,0.00,1.00,1.00,1.00,0.00,—,1.00,1.00,1.00,1.00,1.00,1.00,1.00,1.00,1.00,0.00,1.00,—,0.00,1.00,1.00,—,1.00,1.00,1.00,0.00,1.00,1.00,—,1.00,1.00,1.00,0.00,1.00,1.00,1.00,1.00,1.00,0.00,1.00,—,1.00,0.00,1.00,1.00,1.00,0.00,1.00,1.00,1.00,1.00,0.00,—,—,—,—,1.00,1.00,1.00,—,1.00,0.00,1.00,1.00,—,1.00,1.00,1.00,1.00,—,1.00,1.00,1.00,1.00,1.00,1.00,—,1.00,—,1.00,1.00,1.00,1.00
Biodiversity Policy,BIODIVERSITY_POLICY,1.00,0.00,0.00,0.00,0.00,0.00,1.00,0.00,—,0.00,0.00,0.00,1.00,1.00,1.00,—,0.00,0.00,0.00,0.00,0.00,0.00,—,0.00,1.00,1.00,1.00,1.00,1.00,0.00,1.00,0.00,0.00,0.00,—,1.00,0.00,0.00,—,0.00,1.00,1.00,0.00,0.00,0.00,—,0.00,—,0.00,0.00,0.00,1.00,1.00,1.00,0.00,0.00,1.00,—,1.00,0.00,1.00,1.00,1.00,0.00,1.00,0.00,0.00,1.00,0.00,—,—,—,—,0.00,1.00,1.00,—,1.00,1.00,1.00,0.00,—,0.00,1.00,0.00,0.00,—,1.00,1.00,1.00,1.00,1.00,0.00,—,1.00,—,0.00,0.00,1.00,1.00
Climate Change Policy,CLIMATE_CHG_POLICY,1.00,1.00,0.00,0.00,1.00,1.00,1.00,1.00,—,1.00,0.00,0.00,1.00,1.00,1.00,—,1.00,1.00,0.00,1.00,1.00,0.00,—,1.00,1.00,1.00,1.00,1.00,1.00,1.00,1.00,1.00,0.00,0.00,—,1.00,0.00,1.00,—,0.00,1.00,1.00,1.00,0.00,1.00,—,1.00,1.00,1.00,1.00,1.00,0.00,1.00,1.00,0.00,1.00,1.00,—,1.00,1.00,1.00,1.00,1.00,1.00,1.00,1.00,0.00,1.00,0.00,—,—,—,—,1.00,1.00,1.00,—,1.00,1.00,1.00,0.00,—,1.00,1.00,1.00,1.00,—,0.00,1.00,1.00,1.00,1.00,1.00,—,1.00,—,1.00,1.00,1.00,1.00
New Products - Climate Change,CLIMATE_CHG_PRODS,0.00,0.00,0.00,0.00,0.00,0.00,0.00,0.00,—,0.00,0.00,0.00,0.00,0.00,0.00,—,0.00,0.00,0.00,0.00,0.00,0.00,—,1.00,0.00,1.00,0.00,0.00,—,0.00,0.00,0.00,0.00,0.00,—,0.00,0.00,0.00,—,0.00,0.00,0.00,0.00,0.00,0.00,—,0.00,—,0.00,0.00,1.00,0.00,1.00,—,0.00,0.00,0.00,—,0.00,0.00,0.00,0.00,0.00,0.00,0.00,0.00,0.00,0.00,0.00,—,—,—,—,0.00,0.00,0.00,—,0.00,0.00,0.00,0.00,—,0.00,0.00,0.00,1.00,—,0.00,0.00,0.00,0.00,0.00,0.00,—,0.00,—,0.00,0.00,—,0.00
Climate Change Opportunities Discussed,CLIMATE_CHG_OPPORTUNITIES,0.00,1.00,0.00,0.00,1.00,0.00,0.00,0.00,—,0.00,0.00,0.00,0.00,0.00,0.00,—,0.00,0.00,0.00,0.00,0.00,0.00,—,0.00,0.00,1.00,0.00,0.00,0.00,0.00,0.00,0.00,0.00,0.00,—,0.00,0.00,0.00,—,0.00,0.00,1.00,0.00,0.00,0.00,—,0.00,—,0.00,0.00,0.00,0.00,0.00,—,0.00,0.00,0.00,—,0.00,0.00,0.00,0.00,0.00,1.00,0.00,0.00,0.00,0.00,0.00,—,—,—,—,0.00,0.00,0.00,—,0.00,0.00,0.00,0.00,—,0.00,0.00,0.00,0.00,—,0.00,0.00,0.00,0.00,0.00,0.00,—,0.00,—,0.00,0.00,—,0.00
Risks of Climate Change Discussed,CLIMATE_RISKS,0.00,1.00,0.00,0.00,1.00,1.00,0.00,0.00,—,0.00,1.00,0.00,1.00,1.00,1.00,—,1.00,0.00,0.00,1.00,1.00,0.00,—,1.00,1.00,1.00,1.00,1.00,1.00,1.00,1.00,1.00,0.00,0.00,—,0.00,0.00,1.00,—,0.00,0.00,1.00,0.00,0.00,1.00,—,1.00,—,1.00,0.00,1.00,1.00,1.00,1.00,0.00,0.00,1.00,—,1.00,0.00,0.00,1.00,1.00,1.00,1.00,1.00,0.00,1.00,0.00,—,—,—,—,1.00,1.00,1.00,—,1.00,0.00,1.00,1.00,—,1.00,1.00,1.00,1.00,—,1.00,1.00,0.00,1.00,0.00,1.00,—,1.00,—,1.00,0.00,1.00,0.00